question,extracted_terms
"만들어보고 싶은 서비스, 기술적인 내용을 포함해서 인터넷 상에 있는 누군가의 정보를 모두 지우기 위해서는 기술적으로 어떤 문제들을 해결해야할까요 사용했던 오픈소스의 실제 코드를 분석해본적이 있습니까",오픈소스
"기존에 해왔던 개발업무에 대한 설명 자료구조 관련 질문, 간단한 손코딩 앱개발시 이용하는 기본 API에 대한 이해도를 보기위한 질믄 채용방식 개인면접 발표시기 30일 후 ""실제 개발을하고있는 분들이 면접관이어서 좋았다 깊이있는 실무 얘기를 할 수 있 었다."" 신입공채 채용 판도 뒤바꾼 SKT…”오히려 좋 아” [인터뷰] SK텔레콤 광고사업팀 김유민님, Ranker팀 김태 현님 찐친부터 가족까지 입사시키고 싶은 이 회 사, 비결은? 찐으로 ‘좋아요’ 꾸욱 누르게 만드는 SKT 구성원 리뷰 모 음.zip K텔레콤(주) 사의 빠른 소식을 받아보세요! 2 코이즈(주) 8 기업 랭킹 채용 뉴스 연봉 이직 뽐뿌 오는 날 5분 완성, 1년 간 기업정보가 무료!    제휴 대학 서비스",API
"이전 경력, 본인만의 개발 우선 순위(기술적 능력, 동료 친화력 등 무엇이 1순위인지), 그 외 자바 기술 질문( REST API 란 무엇인가, 접근제한자, sql 질문 약간 등)",API
보안장비에 대해 설명해 보아라? ISMS 진행 경험은? 개인정보보호법에 대한 설명해 보아라,개인정보보호법
"자기소개 (지원동기, 장단점) String과 StringBuffer 차이점 Map과 Hashmap의 차이점 오버라이딩의 추상적 개념 데이터 캡슐화 설명하기 최근 이슈되는 웹 보안 할 수 있는 방법 좋은 개발자란 어떤것인가? RDBMS에서 JOIN의 종류와 각각의 특징 설명하기 HTML의 구조 주어진 특징을 CSS로 적기 주어진 테이블을 보고 쿼리 만들기 Paging클래스 알고리즘 만들기 (게시판 블록사이즈, 페이지사이즈) i++ + ++j =? (i=5, j=6) •int main() { int i, n = 20; for (i = 0; i < n; i--) printf(""*""); return 0; } 여기서 한문자만 고쳐서(삭제,추가 불허) * 문자를 20번 출력하게 하시오 채용방식 그룹면접 발표시기 3일 후 ""최대한 자세하게 작성해주세요. 최초 연락부터 인터뷰 횟수, 분위기, 면접관의 특 징, 면접 팁 등 1. 서류면접을 합격했으니 내일 면접볼 수 있냐고 해서 다음날 면접 봄. 2. 오자마자 간단한 기술 테스트를 봄 3. 면접을 대기하다가 다대다 면접을 봄 4. 전체적으로 딱딱한 분위기는 아니나 30분 걸림"" 불합격 부정적 도움이 돼요 5","map, 블록, int"
멀티 인덱스 성능 관련 질문 리액티브 프로그래밍 관련 질문 함수형 인터페이스 등 java8 관련 질문들,함수
알고리즘에 대해 설명하세요 UI가 그려지는 과정을 설명하세요 특정 함수에 대해 설명하세요,함수
"자격증 관련 지식, API, QA로서의 자세",API
"역색인, 함수형 프로그래밍 특장, 자바8에서 추가된 사항, 디자인 패턴, msa 란?",함수
임원급 면접이 생각보다 난이도가 있었고 인사팀 인성 면접은 생각보다 실망스러웠음 리스트에 있는 질문만 읊는 수준,리스트
"라이브러리와 프레임워크 차이, 기본기 위주의 질문들입니다",라이브러리
질문리스트 뽑아와서 질문함. 심층질문 없음,리스트
"사용하는 프로그래밍 언어, 프래임워크, 라이브러리",라이브러리
"spring 기본 개념질문 1. aop, filter, interupt 등에 대한 질문 2. di, ioc 질문 3. 직무경험에 대한 질문",int
"java 메모리 구조, NOSQL 써봤는지, REST 에 대한 뜻이 무엇인지 등에 이론적인 질문들",REST
(objective c) null nil 차이점. (objective c) viewcontroller의 view cycle (objective c) iOS 라이브러리 관리 법,라이브러리
"문자열 리버스 함수를 구현하시오. 팩토리 메서드로 리펙토링 하시오. 직접 구현한 플랫폼을 그리고 설명하시오 채용방식 필기시험, 스킬테스트, 개인면접 발표시기 30일 후 ""손코딩, 기술면접, CTO 면접 순으로 진행. 평이한 난이도에. CTO면접은 주로 CTO님의 말씀 듣는 시간이었음"" 합격 긍정적 도움이 돼요 0",함수
"회사에 지원한 동기, 자기소개, 기능리스트를 뽑인 이유 ""전문적이지 않은 실무자가 들어와서 원론적인 면접을 진행합니다. 많은 양의 기획 서를 주고 30분만에 기능리스트를 쭉 뽑으라고 합니다~. 30분안에 보기에는 무리 인 시간. 운 좋아서 까다로운 핵심기능 페이지가 눈에 들어와야함 ㅎㅎ"" 합격 보통 도움이 돼요 1",리스트
"자바 문법 관련 기초 질문 DB성능 관련 질문 쓰레드, 프로세스에 관한 설명 밎 파이썬에서 멀티프로세스란? 채용방식 스킬테스트, 개인면접 발표시기 15일 후 ""2달간의 인턴직으로 근무하였습니다. 면접관들께서 면접자를 상당히 배려해주는 모습이 인상깊었습니다."" 합격 긍정적 도움이 돼요 0",파이썬
"3대1 면접. 자기소개 따로 없음. 코딩테스트 리뷰-자소서 기반&기술 질문-손코딩 순으로 진행. 아래 생 각나는대로 적어봄. 코딩테스트 리뷰 본인 생각에 코딩테스트에서 가장 아쉬웠던 점은? 코딩테스트 후 완성도를 높이기 위해 더 노력한 사항이 있는지? 설계나 사용한 자료구조에 대한 설명 등 질문 자소서에 적힌 사항에 대한 질문들 벡터&어레이리스트&배열의 차이점은? 추상클래스와 인터페이스의 차이점은? 오버로딩과 오버라이딩의 차이점은? OOP의 특징 4가지를 설명해보라 Java의 접근제한자 4가지를 설명해보라 synchronized에 대해서 아는대로 설명해보라 등 주로 Java, Spring에 대한 질문이고 네트웤, OS 등에 대한 질문도 몇 개 있음. 타기업들과 비교했을때 그닥 어려운 난이도는 아님. ""서류전형-코딩테스트-1차면접 후 탈락. 코딩테스트는 타기업들과 달리 프로그램 작성 후 메일로 프로젝트를 제출하는 식. 1차면접은 타기업들과 크게 다르지 않은 다대일 기술면접 형식. 면접관들은 면접에 대한 교육을 따로 받고 들어오시는듯 굉 장히 친절하심. 다만 각 전형별 피드백이 없는 부분이나 면접진행 시 불필요하게 여 러 사람과 장소를 거쳐야 하는 등 프로세스는 좀 아쉬웠음."" (주)쏘카 Backend Developer 3 ~ 8년, Javascript 합격보상 100만원  (주)코드박스 [200억 ↑투자, 두나무 계열사] 소프트 웨어 엔지니어 3 ~ 10년, python, react, graphql, typescript, Django fra…  (주)트레드 Back-e 경력무관, j 액 3000억원 이상 (주)교원 포지션 0개 채용 중 2 코이즈(주) - 기업 랭킹 채용 뉴스 연봉 이직 뽐뿌 오는 날 5분 완성, 1년 간 기업정보가 무료!    제휴 대학 서비스","벡터, 리스트, 배열"
"시험:문자열 뒤집기, 문자열 리스트 뒤집기, 교집합구하기, 문자열+십진수+정렬 synchronized , 추상클래스와 인터페이스 차이, 재사용리스트뷰, 트러블 슈팅, 어려웠던점, 커스텀뷰, 자바 버전간 차이, 각종 신기술 등등 질문의 스타일이 추상클래스와 인터페이스의 차이가 뭐에요? 이게 아니고 추상클래스 써봤어요? 커스텀뷰 써봤어요? 어떤 기술 써봤어요? 라서 시험 잘치고 대답 잘해도 안 써봤다면 대답해도 떨어질듯.",리스트
API 서버에 사용자가 폭증해서 병목현상 발생 시 대처방안,API
"손코딩은 간단한 알고리즘 문제가 나옴. 교집합. 비트연산. 요구사항에 맞는 리스트 만들기 기술 질문은 직무에 관련된 기술에 대해 세세하게 물어보는 편. 단순하게 사용해본 프레임워크나 MVC, IoC, AOP 등에 대해 아는 것을 설명해 달라고도 함. 사용해본 데이터베이스의 차이점이나 장점 등도 질문함.",리스트
"1차 : 프로젝트 관련 - 함수형 프로그래밍을 쓰는 이유, 메모리 관련 라이프사이클, 자바 8의 변경 사항 등 지원서와 관련된 내용을 주로 물어봄 2차 : 복잡도, 기초 자료구조 및 알고리즘을 회사 문제에 적용하는 방법, 상황에 맞는 설계",함수
oop란 oop의 3대조건 interface와 추상화 클래스 virtual 키워드 오버라이드와 오버로딩 프로젝트 질문 퀵소트 빅오 다형성 c언어 int와 자바의 int 차이점 다익스트라 알고리즘,int
"oop란 오버로딩 오버라이딩 상속성 compareTo메소드 equires메소드 해시코드 인터페이스 추상클래스 발표시기 30일 후 ""(기술면접) 면접관 3 지원자 1 로 진행되었다. 자기소개를 시작으로 온라인test질문 1개 프로젝트 관련 질문 1개 자바 기초 질문 다수 형상관리,디버깅 관련 질문 질문을 준비한 것이 아니라 즉석에서 생각해내려고 애쓰는 모습이 보였다.. 자바를 중점적으로 질문했고 이 기업에서 어떤 기술을 필요로 하는지 명확하게 보 이지 않았다."" 대기중 보통 도움이 돼요 1",par
"코딩문제가 가장 어려웠으며 A4용지 1장당 한문제로 진행 총3문제 리스트관련문제, 상속관련문제, 헤 쉬멥구현? 문제",리스트
"손 코딩이 있고 자바의 기본 적인 부분과 dbms, 알고리즘, 프레임워크등에 대해서 광범위하게 질문하 였습니다",범위
"실제 면접에서의 분위기는 좋은편입니다. 최대한 편하게 해주려는 모습이 보였습니다. 실무진 면접이 라 실무관련 질문만 할 것 같지만, 인성 질문도 중간에 섞여있었습니다. 크게는 온라인 코딩 테스트에 작성한 코드를 기본으로한 설명과, 개선사항, 또한, 이력서 상의 진행한 프로젝트에 대한 경험들에 대한 질문이 주를 이루었습니다. 또한 자료구조에 대한 기초적인 질문(array 와 linkedList의 차이 등) 채용방식 스킬테스트, 개인면접 발표시기 7일 후 ""서류 통과후 - 3시간의 온라인 코딩 테스트 - 1차 팀장급 실무진 면접"" 대기중 긍정적 도움이 돼요 0",array
"자기소개, 자신이 해온 프로젝트 설명, 안드로이드나 iOS의 기본적 구조에 대한 질문, 보통 책의 앞 부분 에 기본적인 개념에 대한 다수의 질문, 메모리 관리방식에 관한 기본적 질문 손코딩 테스트 30분 가량 진행, 4개문항, 문자열 배열 역으로 출력 밑 숫자를 특정한 방식에 맞게 재정 렬 채용방식 필기시험, 스킬테스트, 개인면접 발표시기 0일 후 ""헤드헌터->서류제출->1차면접(실무자2명)"" 불합격 보통 도움이 돼요 0",배열
"3분이 참석하였고, 넓은 범위에서 깊게 물어봤습니다.",범위
과제에 대한 궁금점 및 질문. 뭐 이런 라이브러리를 사용했을때에 장단점,라이브러리
"1차면접은 실무진(팀원, 팀장)이 이력서 기반으로 물어봅니다. 뽑으려는 경력자의 사용 기술스택과 개 발경험이 부서에 적합한지 알아보는것 같습니다. 그리고 기술에 대한 이해도를 바탕으로 실무에 어떻 게 활용할 수있는지 물어봅니다. 2차면접은 지원자의 경력을 물어보고 뽑는 직무에 관련한 지식 및 기술스택에 대한 이해도를 물어봅니 다. 기술리더와 인사팀장이 면접에 들어옵니다. 2차면접 또한 기술면접이라고 보시면 됩니다.",적합
"경력 위주 자기소개, Kotlin, Java, 아키텍처, 업무 관련 이슈 처리 API 처리",API
1. MSA 과점에서의 서비스 개발 경험 2. RESTful API 개발 경험,"REST, API"
"REST API 작성 방법, NoSQL 사용 경험, mysql 사용 경험, php 사용 가능 여부 체크.","API, NoSQL"
신규 라이브러리 적용관련 질문을하여 그에대한 상세 질문을 하였음,라이브러리
1. 프로젝트에서 어려웠던 점 2. 프레임워크와 라이브러리의 차이 3. 자료 구조 질문,라이브러리
"기초적인 머신러닝 기초 개념에 대한 질문 (딥러닝 네트워크가 잘 되는 이유), SVM에 대해서 설명해 보아라. Renforcement learning에서 exploration과 exploitation에 대한 개념을 설명하라.","머신러닝, 딥러닝"
업무 범위 외 프로젝트에 호기심을 느끼시고 설명을 부탁하셨습니다. 순수한 호기심으로 관련 지식에 대한 설명도 함께 부탁하셨습니다,범위
1. 트러블슈팅 경험중 가장 기억에 남는 것은? 2. RESTFUL API에 대해 설명해주세요 3. 데이터베이스 최적화 기법에 대해 아는대로 설명해주세요,"REST, API"
쓰레드-프로세스 관계 함수형 프로그래밍 해쉬,함수
"쓰레드 프로세스 차이, 행렬곱셈연산 손코딩, 64비트 32비트 차이",행렬
RX연산자에 대한 내용과 차이점에 대한 질문,연산자
1. 해당 프로젝트에서 겪었던 큰 어려움은 뭐였으며 어떻게 해결했는지? 2. 웹 브라우저에서 로그인 과정에 대해 설명 3. 사용했던 오픈소스 툴 architecture 설명,오픈소스
React와 Vue의 차이를 설명하시오. 팀프로젝트에서 어려운 문제를 직면했을 때 어떻게 극복했으며 무슨 역할을 맡았는가? 함수형 프로그레밍과 클레스형 프로그래밍에 대해 설명하시오,함수
"1. 검색엔진이란 어떤것이고, 본인은 인턴 기간동안 어떤 업무를 담당하였나 2. 손코딩 - 주어진 범위 내의 모든 소수를 찾아내는 함수를 작성하라 3. 상사와 의견차가 좁혀지지 않는 갈등이 일어났을때 어떻게 해결할 것인가","범위, 함수"
매우 어려웠습니다 this 연산자 질문인데 안에 케이스가 4개 있음 bind함수 짜기 이벤트 리스너,"연산자, 함수"
"promise.all을 사용해봤나요, forEach와 map의 차이점을 아시나요, web cache에 대해 아시나요, 레 거시 브라우저에서 작동하도록 설정한 경험이 있나요",map
"- 지금까지의 경력에서, 개발 중 팀원들과 의견이 다른 경우가 있을 때 어떻게 대처하였는가? - Hadoop, HBase 등 빅데이터 플랫폼의 사용 경험 - ""네이버에 사용자가 아이디와 패스워드를 입력하고 로그인을 했다."" 이 과정에서 발생한 모든 일을 될 수 있는대로 이야기해봐라.",빅데이터
"세 명의 면접관들이 각각 질문에 테마가 있어서 면접관 각각이 아래의 내용으로 질문 했음 1.머신러닝 알고리즘에 대한 전반적인 질문, 2.특정 논문의 꽤 구체적인 질문, 3.인공지능 전반적인 질 문 보다는 특정 영역에 대한 깊이있는 질문","머신러닝 알고리즘, 인공지능"
RESTful api란? call by value와 call by reference 설명? set과 list 차이? http method 종류/ method 별 설명?,REST
"두번째 세션 알고리즘문제 1. 리소스에대한 경합으로 인한 이슈가 발생했을때 해결방안 : atomic, syncronize 키워드를 활용해서 해결할 수 있다고 했고, syncronize 를 사용한 예시를 손코딩 해봄 2. 이진트리 특성을 활용한 알고리즘 문제를 푸는것 이었고, 화이트보드에 손코딩을 함 세번째시간 cs 관련 문제 1. concurrency, parallel 설명함 2. 서버에 캐쉬로직이 있는데 get()과 save()메서드만 수행하는데, 이 서버를 계속 수행하는 oom이 나 는데 뭐가 문제일까? ""상시채용공고에 지인추천으로 서류접수를 하고 1차면접을 진행하였습니다. 1차면접은 3가지 세션으로 진행했는데, 세션당 2명의 면접관이 들어오셨습니다. 첫번째는 경력사항에 대한 질의응답이 주를 이루었고, 두번째는 알고리즘관련 문제를 푸는 것이었습니다. 면접관이 준비해온 문제카드 중 에서 하나씩 꺼내어 제시하면 문제를 보고 화이트보드에 손코딩을 하는 방식으로 진행하였습니다. 세번째 시간은 해당팀 팀장님과 채용포지션에 같이일할 분이 들어와서 cs관련 문제 를 주고 답변을 하는 시간과 팀장님에게 기술경력에 대한 질의응답을 하는 시간을 가졌습니다."" (주)박차컴퍼니 JAVA 개발자 5년 이상, java, spring boot, Docker, Jenkins, Spring Dat… 합격보상 100만원  (주)쏘카 Backend Developer 3 ~ 8년, Javascript 합격보상 100만원  라이언앤 [경력] J 근제 도 3 ~ 5년, ja 2 던킨/던킨도너츠 (… 4 기업 랭킹 채용 뉴스 연봉 이직 뽐뿌 오는 날 5분 완성, 1년 간 기업정보가 무료!    제휴 대학 서비스",par
"MSA와 관련한 여러가지 질문들 하둡 Join의 전략 서술 Text diff 판단 알고리즘 채용방식 스킬테스트, 개인면접 발표시기 5일 후 ""총 4분의 면접관이 30분마다 들어옴 2시간의 면접, 모두 화이트보드에 알고리즘을 풀도록 함 문제 난이도는 가장 쉬운 BST부터 창의력을 요하는 문제까지 다양했음 문제를 풀었으면 끝없이 최적화를 하며 시간복잡도를 계산하게 함 그리고 문제 서술 과정에서 여러가지 관련한 질문을 받음"" 합격 긍정적 도움이 돼요 1",하둡
1. 오픈소스 활동 경험 2. 동료와 트러블이 있을때 대처 3. 개발 목표,오픈소스
"대부분 기반으로 물어봄 , 또한 저는 대학원,현재 연구방향이 다른데 현재 포지션 기반으로 필요한 역량 에 대해서 경력서에 기술한 내역이 있으면 질문을 더 집중적으로 한거 같습니다. 코테: 스트링 뒤집기, 바이너리 서치 면접관 중 한명은 구글 면접 질문 리스트 내의 질문을 하였는데 답변을 잘하지 못하였습니다. 네이버 면 접 시 구글 면접 질문 관련해서 준비하면 좋을것 같아요",리스트
"1. 안드로이드나 iOS, 머신러닝도 있는데 굳이 웹 프론트를 선택한 이유는? 2. 1일 1커밋을 오랫동안 진행하셨는데, 어떤 내용에 대해서 공부하셨나요? 3. 공유하고 싶은 프로젝트나 문서, 작성한 부분에 대해서 설명해보세요. 프로젝트에서 어려웠던 점은?",머신러닝
"classification 과 regression 의 차이. Bias 의 필요성. K-mean, knn 등 머신러닝 질문",머신러닝
"Q1. 배열 정렬/탐색 알고리즘 문제 Q2. 간단한 수리 문제 Q3. 운영체제, 재귀함수 등 전공기초 문제","배열, 함수"
"1. 링크드리스트 구현 및 특수한 기능 몇개에 대한 구현 , 변경 등 2. 업무하다 트러블이 생겼던 경험? 3. 하고싶은 말.",리스트
손가락 10개로 표현할 수 있는 숫자의 최대값은? 수학 라이브러리 없이 삼각함수를 구현해보시오? 인적성 면접 시 게임 마케팅 쪽으로 와서 일해볼 생각 없냐는 질문을 받았습니다.,"라이브러리, 함수"
"cv에 작성했던 프로젝트를 많이 물어봄. 무슨 방법을 썼고 왜 그랬는지 자세히 요구함. 또한 기본적인 알고리즘과 자료구조에 대해서도 물어보있으며 지원한 분야가 인공지능 쪽이라 딥러닝 관련 간단한 질문(활성 함수, 로스 함수 등)도 함","인공지능, 딥러닝, 함수"
"1. linkedList와 arrayList의 차이 2. 안드로이드 handler, looper, thread 관계 3. GC 동작 원리 4. 자소서에 작성했던 포트폴리오에 대한 심화 질문",array
"면접관 컴퓨터를 빔프로젝트에 연결하여 코딩테스트 진행 (연결 리스트 구현, 30분) 대규모 데이터 처리 시 성능 향상을 위해 어떻게 하겠나",리스트
"오픈소스 에 기여하고 있는 게 있냐 어디에 기여하고 있냐 그게 뭐냐 발표시기 30일 후 ""실무자 면접 임원 면접을 거쳐 최종 합격했었습니다. 좋은 면접 시간 보내고 왔습 니다. 8여년 전즈음 면접이라 잘 기억은 안나지만요"" 합격 긍정적 도움이 돼요 0",오픈소스
기본적인 네트워크 지식과 HTTP 통신과 REST API에 대해서 설명하고 Spring Framework의 구조에 대해서 질문했습니다. 그 후 자료구조나 간단한 알고리즘 문제를 풀었습니다.,API
코딩 질문들: 1. BS 코딩 2. 1d CNN 코딩 3. malloc 의 wrapping 함수 구현: 특정 int 값의 배수를 메모리 주소로 return 하는 함수,"int, 함수"
1. In-Memory DB와 Mysql DB와의 차이점은? 왜 그렇게 생각하는가? 2. JAVA GC에 대해 설명해보세요. 3. RabbitMQ가 어떤언어로 만들어졌나요? 4. RESTful이란? 5. QUIC의 원리에 대해서 아는가? 6. GitFlow에 대해서 아는가? 7. 피보나치 수열을 손코딩 하라,REST
"프로세스와 쓰레드 차이 인터넷 동작방식 array, poiner 발표시기 30일 후 ""1차 실무진 면접 2차 CTO 면접 전 과정이 기술면접이며 자기소개는 잘 준비할 필요없음"" 합격 긍정적 도움이 돼요 1",array
"전화면접 -안드로이드 관련질문, 인텐트, 액티비티 생명주기,콘텐트프로바이더등 1차면접 - surface , 액티비티, dB 트랜젝션, textureview, recyclerView, handlerThred등 관련 질문 stack , linkedList 손코딩 ,hash 와 map, tree관련 질문",map
"사전 과제와 관련하여 질문(어느 정도의 시간이 소요 되었는지 등) 협업 경험, 협업하면서 가장 어려웠던 것과 어떻게 해결했는가? 전 직장 퇴사 이유. 같은 이유가 네이버에서도 발생한다면 퇴사할 것인가? 채용 직군 관련 기술 질문, 채용 직군과 다른 직군에 대한 기술 질문도 있었음. (협업 때문이라고 하기에 는 타직군의 기술 질문을 하는 이유를 찾기 어려웠음) 대체로 기술 질문을 하는데 있어서 광범위한 컨텍스트에서의 질문이 자주 이루어짐.",범위
"알고리즘 자료구조 보다는 iOS, Swift, 설계방법 그리고 경력 위주의 질문을 받았습니다. Swift 함수나 용어 같은거 물어봤습니다.",함수
프로세스와 쓰레드 차이 어레이와 리스트를 정렬할때 정렬방식에 따라 차이가 잇을까 잇다면 뭐가 더 각각 좋을까 등,리스트
"Call By Address, Reference 차이 Reflection. 왜 사용하는지. Heap 메모리 구조. REST 싱글톤",REST
"[N사 전화면접] - 소요시간 : 30분 자신이 한 프로젝트 기준으로 자기소개 해주세요. 본인이 지금까지 한 프로젝트에 대해 간략히 소개해주세요. RESTFul 쓰는 이유 (굳이 왜?, 일반적으로 post로도 다 통신 하면되는데 왜?) Javascript에서 클로저가 무엇인가? 스프링에서 IoC, DI, AOP가 무엇인가 설명해보세요. Java 다형성, 추상클래스에 대해 설명해보세요. 트랜잭션에 대해 설명해보세요. iBatis/myBatis에서 #와 $의 차이점을 설명해보세요. React의 단점이 있는데 그 단점이 무엇이며 단점을 보완하기 위해 최근에 나온것이 있는데 그게 무엇 인가요? 실무(개발)코딩이 아니라 문제해결을 위한 코딩에 대해 자신이 있나요? (1차면접때 손코딩문제를 내기 에 미리 알려드리는겁니다.) 포트폴리오 관련 질문 3~5개 Java에서 static과 final에 대해 설명해보세요. 본인이 주로한 분야는 FE인가요? BE인가요? html meta태그에 viewport를 쓰셨던데 이게 무엇인가요? 본인이 개발한 서비스가 운영중 느려질경우 어떻게 대처 할 것인가? soa / msa 정의 mysql scail out 과 mongodb sharding 어떨때 쓰나 ""서류전형 > 전화면접 > 1차면접 > 2차면접 > 입사"" 2 던킨/던킨도너츠 (… 4 기업 랭킹 채용 뉴스 연봉 이직 뽐뿌 오는 날 5분 완성, 1년 간 기업정보가 무료!    제휴 대학 서비스",REST
"프로세스 동기화, GC알고리즘, HTTP Adaptive Streaming, 웹 트랜드, 웹 최적화 기술 등등 채용방식 스킬테스트, PT면접, 개인면접 발표시기 60일 후 ""1차(2명), 2차(4명) 두번의 실무자 면접과 3차(1명) 임원 면접이 한번 있었습니다. 1차, 2차 모두 기술 면접이었고 부서가 하는 업무와 정확하게 일치하는 경력조건으 로 지원했습니다. 실무자 면접에서 면접관들이 매우 만족하였는지 3차 면접에서는 그 자리에서 바로 결과를 통보받았고 연봉, 처우 제안을 받았습니다."" 합격 긍정적 도움이 돼요 1",min
"전화면접 후기 지원분야 관련 기초적 지식 질문 C - Call by value, call by reference 관련 질문 vector와 array의 차이 hashmap의 구조 double pointer 를 사용하는 이유 gc가 어떻게 수행되는지 등 기초적인 내용","array, map, int"
"전화면접 - 자기소개 / 간단한 알고리즘 문제 / 컴퓨터과학 기본지식 / 연구분야 소개 1차면접 - 1시간에 한 명씩 총 네 명의 면접관과 4시간 동안 면접을 진행 (1) - 자기소개 / 연구분야 소개 (2) - 자기소개 / 연구분야 소개 (3) - 자기소개 / 연구분야 소개 및 지원 분야에 관한 지식 질문(컴퓨터 과학의 전반적인 지식이 아닌 세부 분야(예를 들어 딥러닝, 컴퓨터 비전 등)의 질문을 뜻함) - 매우 기분이 나빴음. 석사 연구 분야가 지원 분야랑 딱 맞는 분야가 아니여서 면접관이 뽑지 않겠다고 면접 초입부에 선언함. 여기서 부터 멘탈이 나가서 네 번째 면접은 조금 의욕없이 봤음 (4) - 자기소개 / 코딩 면접 총 세문제를 봤는데 기억나는 건 두 문제 a. 중복을 허용하고 정렬이 되어있는 수열 A와 B를 비교해 가면서 두 수열에 포함되어 있는 모든 수를 중복을 허용하지 않고 출력하는 알고리즘 설계 및 복잡도를 고려한 최적화 방안 b. 가계도 내에서 두 사람의 촌 수를 구하는 알고리즘 세문제 중에 한 문제는 다 풀고 다른 한 문제는 최적화를 못했고 나머지 문제는 시간 및 멘탈이 나가서 생각만하다가 끝남 특정 알고리즘을 외워서 가는 것은 아니고 창의 문제를 푸는 느낌 baekjoon 같은 곳에서 문제 많이 풀 어보면 유리할듯",딥러닝
"하루에 2차례, 네이버 본사에서 진행하였음 1차에서는 팀원급의 실무진 2:1 면접 1시간 2차에서는 팀장급의 실무진 1:1 면접 1시간 - 몇가지 필수 질문을 제외하고는 면접자가 말하는 것에서 캐치하여 질의가 이어짐 - 초반에는 주로 프로젝트에 관하여 이야기를 나누고, 프로젝트안에서 주로 어떤 역할과 어떤 프로젝트 였는지 이야기를 나눔 - 스프링의 특징 - 부트스트랩의 장점 - 오픈소스를 수정해서 사용해보았는지 - 따로 공부하고 있는것은? 스터디나",오픈소스
"자바에 대해 광범위하게 물어보는편입니다. gc, 버전업에 따른 변화, 프레임웍 전반적인 플로우등. 개 인적인 이야기도 많이 하고요.",범위
"기술면접은 1시간씩 2번. 각각 다른 면접관이 실시. 면접 질문은 정말 광범위하고 다양했음. 생각나는것만 적어보자면.. - 기존 경력과 제출한 포트폴리오에 대한 설명 짧게 (중요하진 않은듯) - 화이트보드 손코딩 (클래스 설계, 슈도코드 가능) - 특정 프로그램을 개발한다고 가정하고 종이에 끄적이듯 설계해보기. - Thread 동기화의 종류와 각각의 장단점 - Double Buffering 시 예상되는 문제점 - RESTful API에 대해 설명 - Library와 DLL 사용시 차이점과 각각 사용시 장단점 - Http 통신시 Post/Get 방식의 차이점 - STL List와 Vector의 차이점, 장단점 - Hash Table에 대한 설명. - 특정 Tree search 알고리즘에 대한 설명 등등등.........","범위, REST, API"
"1. tcp 3-way hand shaking? 2. rtp와 rtcp 차이점 3. vector와 list의 차이점과 특징 4. linked list와 map, hashmap의 특징 5. string += operation 칠판에 구현 6. Singleton을 multithread를 고려래서 구현 7. 멀티스레드 개발에서 일관성을 보장해주는 방식",map
"질문은 다 기억나지는 않지만 대충 아래와 같습니다. 자기소개 1. 자기소개에서 대화 기법 부족이 단점이라고 했는데, 말을 잘 하는 것 같다. 왜 그게 단점이라고 생각 했는가? 정식 질문 시작 1. 맡았던 프로젝트 설명 2. jquery가 성능 문제가 있어서 순수 자바스크립트를 사용했다고 했는데, 어느 부분이 성능 문제를 유 발한다고 생각하는가? 3. 숫자 표시 문자열 -> 숫자 변환 알고리즘 작성 4. 왜 이직 하려 하는가? 5. 왜 네이버에 오려고하고 이곳에 니가 원하던 모습이 존재하지 않으면 어떻게 할 것인가? 6. 작업 방식은 만들고 나서 돌아가는지 확인하는가? 아니면 설계 후에 만들기 시작하는가? 7. 오픈소스 경험 있는가? 8. 써본 DB가 뭐고 장단점 들을 말해보라",오픈소스
"안드로이드 개발자로 지원하였고, 컴퓨터공학 일반, Java, 안드로이드, 알고리즘 일반에 대해 두루두루 물어보았습니다. 몇 가지 구체적 질문을 공유하면, 1) Dynamic Programming이 무엇인지 설명하시오 2) 안드로이드에서 쓰레드 간에 통신하는 방법은",min
"손코딩 문자열 순서 바꾸기, 문자열 배열 가능 경우의 수 출력 등 채용방식 개인면접 발표시기 7일 후 ""우선 서류 제출후 일주후 전화 면접 그 후에 기술 면접"" 불합격 보통 도움이 돼요 0",배열
"1. 개인적인 디버깅 방법 2. 리스트, 스택, 큐에 대한 설명 3. 쓰레드, 프로세스에 대한 설명 4. 석사 연구 분야를 설명 5. 간단한 알고리즘을 코드로 작성 (언어 자유, 화이트 보드에 코딩, 과정 설명) 6. 정렬이나 탐색 등의 알고리즘 중에서 자유롭게 하나 골라서 코드로 작성하고 설명 7. 비디오에 대한 간단한 지식 8. 유튜브와 비교했을 때, 티비캐스트 만의 장점은? 9. OSI7 계층, TCP , UDP 장단점 설명 채용방식 개인면접 발표시기 9일 후 ""1. 서류과정 2. 1차면접 (기술면접) 1:1 면접 2번, 한시간 소요, 편안하게 대화하는 분위기, 자기소개 시키지 않고 바로 기술적 인 질문 3. 2차면접"" 불합격 긍정적 도움이 돼요 2",리스트
"자료구조에 대한 개념적인 질문. 화이트보드에 손코딩 ( 문자열 처리를 다루는 간단한 함수 작성, 숫자배열에서 원하는 값을 찾는 함수 작성 언어제한없음 ) 손코딩한 문제들에서 더 효율적인방법은 없을지 질문함.","함수, 배열"
링크드 리스트 스택과 큐 설명 리스트 뷰 구현시 고려 오버로딩 오버라이딩 설명,리스트
"간단한 링크드 리스트, 리버스 링크드 리스트 구현부터 기존에 개발했던 솔류션에 대한 설계 및 개발을 Agile 방식으로 진행케 함. 채용방식 스킬테스트, 개인면접 발표시기 10일 후 ""서류면접 통과 -> 전화면접 통과 -> 1차 기술면접까지 진행하였습니다."" 불합격 보통 도움이 돼요 2",리스트
전화면접 자소서를 처음부터 끝까지 읽으며 관련 내용에 대해 질문 서버 접속이 예상범위를 훨씬 웃돌았을 때의 대처방법 질문,범위
윈도우 서버 개발자로 지원 - 윈도우 소켓 관련 API 등 필기시험 진행 - 젊은 실무 면접관 2명이 지원이유 등 일상적 질문과 기술면접 진행,API
배열을 입력 받고 배열에서 어떤 글자가 몇번 나왔는지 출력하기.,배열
중복되지 않는 수를 배열에서 출력하는 코드를 작성하라,배열
자료구조의 연결리스트 중 스택과 큐의 차이를 설명해보시오,리스트
"진행했던 프로젝트 중에서 기억에 남는 API에 대해 설명, 자바 질문, 설계 질문 등, 계속 꼬리물고 들어갔던거 같음. 채용방식 개인면접 ""2년전 네이버 인턴기억, 서류 통과해서 면접보러 갔었음. 방에 여러개 있었고, 안에 면접관 2명씩 있고 혼자 들어가서 봄."" 불합격 보통 도움이 돼요 0",API
"OSI 7레이어 계층은? 원형 스택 공간 처리문제 스택과 링크드 리스트 차이를 설명하세요 중간 중간에 수학의 경우의 수 문제 sql문법 64비트와 32비트의 차이 채용방식 필기시험, 개인면접 발표시기 20일 후 ""전화면접 > 1차면접 > 2차면접"" 불합격 보통 도움이 돼요 3",리스트
"질문의 범위가 기본적인 프로그래밍부터 네트워크, 디자인패턴, 소프트웨어공학, 운영체제 등 학과에서 배우는 대부분의 과목에 대한 것들이었습니다. 자신이 수행했던 프로젝트에 대해서도 상세히 질문하였구요. 간단한 알고리즘에 대해서 손코딩을 요구하기도 했습니다. 생각나는 질문들은 아래와 같습니다. - OSI 7-layer에 대해 설명 - 싱글톤 패턴 - 가장 규모가 큰 개발 경험 - 가장 어려웠던 개발 경험 - Naver 서비스 중 개선하고 싶은 점 - 객체지향/다형성 - 최근에 읽은 책 ""서류 지원 후, 2주 후에 메일로 결과를 통보받았습니다. 기술 면접은 1대1로 1시간씩, 연달아 두 번 진행했습니다. (총 2시간)"" BEST 대기중 긍정적 도움이 돼요 10",범위
"기술질문 : 네이버에서 인코딩한 동영상을 15분이상 재생하지 못하게 하였는데 왜 그랬는지 설명하여 라. 채용방식 개인면접 ""서류합격을 하고 12일 전후로 정자동 네이버 본사에서 면접을 진행한다고 통보받았습니다. 면접관은 두 분으로 8층 면접실의 작은 방에 들어가서 약 1시간 동 안 진행합니다. 첫번째로 자기소개를 진행하고 주로 자기가 수행한 프로젝트에 대 하여(거의 질문의 반정도) 질의응답을 합니다. 경험하였던 학교 활동, 자기가 가장 관심을 가졌던 과목에 대한 질문(자료구조 -> 리스트 , 트리 -> 이것에 대하여 아는 데로 설명해보라)이나 또다른 프로젝트의 설명을 듣고 거기에 대한 전공 지식(게임 을 만들은 경험을 말하였는데 카메라를 어떻게 구현하였는가 등)에 대하여 말하였 습니다. 거의 자소서 항목에 대하여 심층적으로 물어보시는 것 같습니다."" BEST 2 던킨/던킨도너츠 (… 4 기업 랭킹 채용 뉴스 연봉 이직 뽐뿌 오는 날 5분 완성, 1년 간 기업정보가 무료!    제휴 대학 서비스  회사소개 이용약관 개인정보처리방침 커뮤니티가이드라인 모바일 버전 공지사항 광고 및 제휴문의 고객 문의 FAQ | | | | | | | | (주)브레인커머스 서울특별시 강남구 테헤란로 509 엔씨타워 I, 10층 | 대표   황희승, 윤신근 | 개인정보보호관리자   윤신근 사업자등록번호   120-87-92182 | 통신판매업 신고번호   제2014-서울강남-02942호 | 유료 직업소개사업 등록번호   (국내) 제2017-3220163-14-5-00046호 대표번호   1644-5641 (10:00~17:00 / 매월 마지막 금요일 09:00~13:00 / 주말 및 공휴일 휴무) | 대표이메일 : customer_service@jobplanet.co.kr 110 111 112 113 114",리스트
"정보처리기사 시험범위와 유사한 전반적인 모든 IT에 관련된 기술에 대해서 물어봅니다. 데이터베이스, 알고리듬, OS등등 어느 분야는 전문성이 있거나 자신이 정말 IT기술에 대해서 관심과 이 해도가 있는지를 주로 보며 깊게 파고들어가는 질문을 계속 던집니다. ""지인추천으로 지원하게 되었으며, 임원 및 대표 면접을 진행했는데...후보자에 대 해 깊게 파고들어 질문하는 과정에서 전문성이 느껴졌습니다. 다만 이러한 과정이 쉽지 않고 압박이 느껴지긴 했습니다."" 불합격 정보없음 도움이 돼요 4",범위
array와 map의 차이에 대해 설명하시게나. 얼탱스가 없지만..,"array, map"
어떤 프로젝트했냐 삼성 분위기는 잘 알겠네 함수 프로시저 차이,함수
어려웠던점은 뭐냐 맵과 리스트의 차이점은 뭐냐 기타 등등,리스트
REST API에 대해서 설명하시오 주로사용하는 기술은 프로젝트 경험,API
SAP를 왜 하고 싶은가? 이동평균가란 무엇인가? 물류에 관심이 있는 이유는?,평균
"지방근무 가능한가? 어떤 분야에 강점이 있는가? 자신의 강점은? 채용방식 인/적성검사, PT면접, 그룹면접 발표시기 30일 후 ""좋은 워라벨의 기업이지만 동종업계 평균 수준의 연봉으로 성장기회가 믾지는 않 은 기업"" 합격 긍정적 도움이 돼요 0",평균
"인성면접 기억나는 것만(약 25분소요) 1. 1분자기소개 2. 일하다 갈등상황이 생겼을때 대처방법 3. 회사가 부당한 요구를해서 사원과 회사사이에 큰 마찰이 생겼다 어느 편을 들 것인가? 4. 지원동기 5. 그외 자소서 기반 질문 피티(기술)면접 (약 20분 소요) 1. 1분자기소개 2. 피티문제푼거 설명 3. 미라콤아이앤씨의 주력상품 4. EWMA? 5. SPC? 6. 벡터를 30도 돌리려 한다. 수학적으로 설명해보라 채용방식 인/적성검사, 논술 시험, PT면접, 개인면접 발표시기 7일 후 ""인성면접, 피티(기술)면접, 인성검사 로 진행됩니다. 약 3시간정도 걸리며 면접분위기는 밝지도 무겁지도 않았습니다."" 불합격 보통 도움이 돼요 5",벡터
자바라이브러리중에 해시맵이란 무엇입니까? 아는대로 설명해 주세요.,라이브러리
"왜 우리 기업에 오고싶나? 라이브러리와 프레임워크의 차이는? Optional에 대해 설명하시오. 채용방식 필기시험, 그룹면접, 개인면접 ""서류 - 1차 인터뷰(간단한 필기 시험 포함) - 2차 인터뷰"" 대기중 보통 도움이 돼요 1",라이브러리
특정 기술에 대해서 설명하시오. 예를 들어 빅데이터 에코 시스템. 해당 기술에 에러가 발생시 어느정 도 기간에 에러를 해결 할 수 있는가?,빅데이터
"아프리카 티비 시청경험 링크리스트와 어레이리스트 비교 기존 프로젝트 경험 ""자바 관련 필기 시험 이후 면접관님 두명 오셔서 진행 프로젝트 내용등을 물어봄"" 불합격 보통 도움이 돼요 0",리스트
"지원 동기, 입사 포부 등 형식적인 질문 이후 기술면접 봄. 하둡 젠킨스 등등 이것저것 막 물어봄. 여자 친구랑 왜 헤어졌나고도 물어봄.",하둡
해왔던 일을 물어보았고 소켓통신이라던가 API 통신 등에 대해서 물어보았다.,API
빅데이터를 활용한 cj계열사 선정하여 방안 도출하기,빅데이터
package.json과 package-lock.json과 yarn.json의 차이점,json
"팀장면접 : 자기소개, 플젝, 함수 설명, 경쟁사, 자소서 기반 직무면접 : 손코딩했던거 왜 그렇게 짰는지",함수
웹브라우저에 이전페이지로 가기 기능에 적합한 자료구조는? Process와 Thread의 차이점?,적합
"AWS와 비교, 차별화전략, 오픈소스 등의 토론주제, sorting, method 등의 코딩질문, sk플래닛에서 하 고 싶은 일, 개선해야할 점, 본인의 강점과 어필, 자신있는 언어와 관련된 전공지식질문들.",오픈소스
"적무관련 질문은 준비한 범위안에서 유사하게 답변. 토론면접은 정리가 미흡했음 채용방식 인/적성검사, 토론면접, 개인면접 발표시기 16일 후 ""개별면접과 토론면접으로 이루어져 있으며, 개별면접은 날카로운 직무 관련 질문 이 들어온다. 이외에는 평이한 지원동기 등 평이한 문항"" 불합격 긍정적 도움이 돼요 0",범위
알고리즘 또는 정렬 문제 등 질문 리스트 중 2개를 선택하여 코딩을 해보시오.,리스트
PT질문 중 머신러닝을 통해 인간과 같은 로봇을 만들수 있을까? 라는 주제가 주어졌었습니다.,머신러닝
"스택만들기,이차함수 만들기, 2대1 면접에서는 한국에서 아마존에서 구매하기 위해 클릭했을때 그게 미국의 서버에 도착하는데 걸리는 시간",함수
"학교 프로젝트 관련 : 어떤 API썼는지, 팀 내에서 어떤 역할을 했는지, 교환학생 기간 동안 어떤 전공을 선택했고 수업에서 어떤 것들을 배웠는지",API
각자 어플리케이션을 기획해보고 발표하는 면접이었습니다. 40여분의 시간을 받았던거 같은데 전혀 예상하지 못했던터라 시간이 좀 걸렸구요. 또 IoT나 빅데이터 등 최근 화두에서부터 워터폴방식의 개 발과 같은 전문용어도 물어봤던거 같습니다.,빅데이터
"오픈소스 어느정도 해 보았는지 물어보셨던 점... 채용방식 필기시험, 스킬테스트, 개인면접 발표시기 5일 후 ""1차 코딩테스트 : 노트북 주고 두분이 지켜보는 가운데 2문제를 1시간 내에 풀어야 함 2차 실무면접 : 지원 분야 관련 질문들을 받고 대답하는 과정. 안드로이드, DB, 영어, 읽은책, 회사에 뭍고 싶은 것 등"" 불합격 보통 도움이 돼요 0",오픈소스
"인성은 화기애애했습니다. 코딩은 이중배열 및 동적 배열을 많이 보고 가셔야 할 듯... ""특별 채용으로 지원했습니다. 코딩면접-인성면접-임원면접으로 진행이 되었습니 다. 코딩면접은 신입사원수준이라고 했는데 개인적으로 실력이 부족한지 어려웠습 니다. 뒷태만 보여주고 한숨소리만 듣고 나옴..ㅠ.ㅠ"" 불합격 정보없음 도움이 돼요 0",배열
"간단한 온라인 게시판 서비스 정도를 구축한다면 전체적 아키텍처 설계를 어떻게 할 것인가. ""코딩 시험 (문제는 어렵지 않으나 모든 과정을 큰 화면으로 면접관들이 지켜보고 과정을 기록하고 평가하는 듯 했음. 부담감 적지 않음, 스택 문제나 배열 처리 알고 리즘 나옴. 예: 20111038 에서 각 숫자가 몇번 들어가는지, 시간이 남으면 코딩을 놓고 토론으로도 이어짐. 예: 시간이 더 주어진다면 어떻게 더 개선하겠나 등) -> 직 무 면접 (경력 외 몇 가지 상황적인 예를 제시하고 의견 물어봄. 경력에 맞는 기술적 인 문제도 물어봄.)"" 액 3000억원 이상 (주)우아한청년들 포지션 0개 채용 중 2 코이즈(주) - 기업 랭킹 채용 뉴스 연봉 이직 뽐뿌 오는 날 5분 완성, 1년 간 기업정보가 무료!    제휴 대학 서비스  회사소개 이용약관 개인정보처리방침 커뮤니티가이드라인 모바일 버전 공지사항 광고 및 제휴문의 고객 문의 FAQ | | | | | | | | (주)브레인커머스 서울특별시 강남구 테헤란로 509 엔씨타워 I, 10층 | 대표   황희승, 윤신근 | 개인정보보호관리자   윤신근 사업자등록번호   120-87-92182 | 통신판매업 신고번호   제2014-서울강남-02942호 | 유료 직업소개사업 등록번호   (국내) 제2017-3220163-14-5-00046호 대표번호   1644-5641 (10:00~17:00 / 매월 마지막 금요일 09:00~13:00 / 주말 및 공휴일 휴무) | 대표이메일 : customer_service@jobplanet.co.kr ©Jobplanet. All rights reserved. 33 34 35 36 37",배열
"링크드 리스트 리벌스 푸는 문제 채용방식 필기시험, 스킬테스트, 개인면접 발표시기 0일 후 ""서류 채용 중에 1차코딩 시험 면접 연락이 옴 나는 일찍 서류를 제출해서 서류 마감전에 면접을 봄. 비지니스 캐쥬얼 착용 가능, 방에 들어가면 과장급 되보이는 엔지니어 2명이 앉아있 고 노트북이 있음 노트북은 빔으로 보여지고 2문제 푸는데 그걸 지켜봄 문제 풀고나서 설명을 하는데..피식피식 웃으면서 무한루프나 예외 등을 체크함 당황해서 문제를 풀고나서 다른 방법이 생각나서 설명했는데 결국 떨어짐 1차의 경우 면접결과는 당일 얘기해줌"" 불합격 보통 도움이 돼요 1",리스트
우선 해당 부서에서 요구시 하는 기술 습득 범위가 정확하지 않아 어려움이 있었습니다.,범위
"코딩테스트는 몸풀기문제 1, 실전문제 5개중 하나를 선택하는데 , 재귀함수 알고리즘을 이용하는 문제 에서 탈락하였습니다. 채용방식 필기시험, 케이스 면접, 기타 발표시기 1일 후 ""1차 코딩테스트에서 불합격하여 아쉽게도 불합격하여 안타까울 뿐입니다."" 불합격 보통 도움이 돼요 0",함수
"특별히 어려운 질문들은 없었고, 직무에만 충실했다면 자신의 경험을 기반으로 설명할 수 있을 듯 합니 다. 코딩 스킬 면접의 경우 IDE 환경이 이클립스만 존재하여, 일반적으로 면접자가 사용하던 개발 환경 과는 매우 다를 수 있으므로 다른 언어 사용자들은 (예를 들어 GCC와 같은) 오픈소스 관련 도구를 살짝 공부하시거나 면접 시에 미리 질의를 해두는 것이 좋을 듯 합니다. 채용방식 인/적성검사, 스킬테스트, 케이스 면접, PT면접, 개인면접 발표시기 5일 후 ""최초 연락에서부터 3일 정도 뒤에 서류 결과 통보받았습니다. 그 뒤로 거의 5일 간 격으로 코딩 스킬, 직무 면접, 인적성, 임원 면접 등을 진행한 듯 하네요. 전체적으로 는 약 3주 정도 소요되었습니다."" 합격 긍정적 도움이 돼요 0",오픈소스
"기술면접 중 자주 쓰이지 않는 벡터나 기본 자료형의 메모리 사용 로직을 물어보는데 딱히 실무에서 잘 쓰이지 않아서 좀 난감했습니다. 채용방식 인/적성검사, 스킬테스트, 개인면접 발표시기 90일 후 ""기술면접 - 2개의 문제 중 1개는 필수문제 1개는 3개의 문제 중 택일하여 풀 수 있다. - 모든 과정은 2명의 면접관과 함께하며 노트북 화면은 빔프로젝트로 공유됩니다. - 난이도는 어렵지 않으나 기본 API를 좀 다뤄보고 가는 것이 시간 절약에 많은 도 움이 됩니다. 팀장 및 임원 면접 - 딱히 특별한 것은 없었고 일반 면접과 유사합니다. - 자유롭고 편한 분위기에서 진행됩니다."" 합격 보통 도움이 돼요 2","벡터, API"
"합숙면접-자소서에 기반한 기술면접 중 아이디어가 좋은 앱으로 어떤 게 있고 이유가 뭔지 채용방식 인/적성검사, 케이스 면접, 그룹면접, 토론면접, 개인면접, 워크숍 발표시기 10일 후 합숙면접: 약 150명으로 경쟁자 감소, 연수원에서 합숙하며 총체적 역량을 검사함. 팀을 짜서 팀 단위로 움직임. 역시나 전공 관련된 것들이 비중이 매우 높음 -토론면접(지원자간 다대다) -손코딩 시험 후 본인의 답지를 가지고 면접(1:1) -실제 업무처럼 가상의 여러 상황을 주고 일 처리능력 시험(필기) -팀 짜서 레크리에이션 -자소서 기반 기술면접(1:2) -보드게임 -지원자간 평가 임원면접: 개인별로 면접 시간이 달라 전체 인원을 알 수 없었기 때문에 얼마나 컷했 는지 모름(50%~25% 컷 추정) 지원자1:면접관3이었고 풀정장 복장. 30분 동안 전공&인성 관련 이것저것 물어봄."" 불합격 부정적 도움이 돼요 1",추정
"빅데이터를 활용해서 자사의 새로운 서비스를 기획하라. 채용방식 그룹 프로젝트, 케이스 면접, PT면접, 그룹면접, 개인면접, 워크숍 발표시기 30일 후 불합격 긍정적 도움이 돼요 1",빅데이터
분산서버는 적용하였나요? 해킹에 대한 대비는 어떻게 할 계획이 있었나요? 자료구조에대해 설명해주세요,분산
"실무 팀장급 한 분과 인사팀으로 추정되는 분 총 두분과 면접 진행 했습니다. 질문 유형 역시 각각 실무/인사 쪽으로 나뉘어 진행되는 분위기였고 총 한시간 가까이 진행했습니다. 채용과정과 면접이 까다롭기로 유명하여 한껏 긴장하고 갔는데 질문 내용 자체는 평이한 편이었습니 다. 선택한 직무에 대한 질문과 함께 향후 본인의 비전이나 포부를 묻는 질문이 대부분이었습니다. 한 가지 특이한 점은 사내 특성상 직무이동이 잦을 수 있다, 만약 개발이 아닌 완전히 다른, 예를들면 기 술영업 직군으로 가면 본인의 의사가 어떤가를 물었습니다.",추정
"자소서 기반뿐만 아니라 개인적 인성이나 성향을 많이물어봄 채용방식 기타 발표시기 30일 후 ""다른곳에 비해서 매우 독창적이고 광범위한 면접, 인성 질문이 까다로운편"" 불합격 보통 도움이 돼요 0",범위
우리나라 인구수 및 평균 연령은 얼마나 될까요? 몇개 더 잇긴햇는데 기억이 나질 않네요,평균
"4차 산업혁명의 주요 트랜드 빅데이터 iot등에 대한 추이 , 필요기술등 채용방식 그룹면접 발표시기 30일 후 ""실무-임원면접 순으로 진행됨 기술을 중시하는 회사가 아니기 때문에 기본적인 개념위주의 질문만함"" 합격 보통 도움이 돼요 0",빅데이터
"1. 자기소개 2. 프로젝트 경험(범위 무관) 3. 학점 얘기 4. 어떤 직무가 하고싶느냐(1지망, 2지망) 5. 10년후 회사생활",범위
"지원동기및 자기소개 가족사항,업무에 대한 적합성을 물어봤습니다.",적합
"1차 면접에서는 살아온 삶에 대한 간단한 브리핑 및 자소서를 바탕으로 한 질문들을 했고, 2차 면접에 서는 기술적인 질문 리스트 중 3가지를 뽑아 질문하였습니다.",리스트
"1회 면접에서는 각종 이미지 처리 방식이나 최근에 트렌드인 빅데이터, IOT등에 대해서 아는데로 질문 은 선택하여 답변할 수 있었습니다. 2회 면접에서는 자소서를 바탕으로 개별 질문이 들어가기 때문에 사람마다 다를 것 같습니다. 채용방식 인/적성검사, 그룹면접, 개인면접 발표시기 7일 후 ""면접은 2회에 걸처서 진행되었습니다. 1회에는 여러가지 분야가 적힌 메모지를 들어가기 15분 전에 받아서 그안에 있는 질문들을 읽어보고 미리 답변을 머리속으로 준비할수 있었습니다. 들어가서는 20-30분 가량 혼자 vs 면접관3 분과 이야기를 나누었습니다. 2회 면접에서는 다대다 질문이었습니다. 4분 면접관과 5명의 지원자가 들어갔습니 다. 1시간 가량 본것 같고 분위기는 기대보다 압박이 있었습니다. 기술 임원분께서 기술적으로 질문하는데 깊이가 있어서 당황하였습니다."" BEST 합격 긍정적 액 3000억원 이상 오진상사(주) 포지션 10개 채용 중 2 코이즈(주) - 기업 랭킹 채용 뉴스 연봉 이직 뽐뿌 오는 날 5분 완성, 1년 간 기업정보가 무료!    제휴 대학 서비스  회사소개 이용약관 개인정보처리방침 커뮤니티가이드라인 모바일 버전 공지사항 광고 및 제휴문의 고객 문의 FAQ | | | | | | | | (주)브레인커머스 서울특별시 강남구 테헤란로 509 엔씨타워 I, 10층 | 대표   황희승, 윤신근 | 개인정보보호관리자   윤신근 사업자등록번호   120-87-92182 | 통신판매업 신고번호   제2014-서울강남-02942호 | 유료 직업소개사업 등록번호   (국내) 제2017-3220163-14-5-00046호 대표번호   1644-5641 (10:00~17:00 / 매월 마지막 금요일 09:00~13:00 / 주말 및 공휴일 휴무) | 대표이메일 : customer_service@jobplanet.co.kr ©Jobplanet. All rights reserved. 40 41 42 43 44 신고하기 도움이 돼요 2",빅데이터
"다른 곳 인턴경험있는데 거기안가는지. 나(면집관)같으면 그곳가겠다 채용방식 인/적성검사, PT면접, 그룹면접 발표시기 1일 후 ""면접은 2번봄. 1차는 기술면접으로 1대3. 3가지키워드설명했음 이것으로 대부분 당락결정 2차는 인성면접 4대 3. 50분보는데 4명이니 나한테질문은 많지않고분산됨 인성 위 주로만"" 합격 긍정적 도움이 돼요 1",분산
JSON 현식이 무엇인가 지원 동기 어떤회사인지 알고 왔는가,JSON
"여러가지 질문 있습니다. 기술면접, 인성면접 그리고 LG 자회사로서 적합한지를 확인합니다.",적합
"실무 면접 전에 서버/클라이언트단 언어, DB, 모바일 등 광범위한 개발 영역에 대한 기술 수준을 스스로 상중하 평가할 수 있는 질문지를 제공받고 그에 기반해서 면접이 진행되었음 채용방식 인/적성검사, 스킬테스트, 개인면접 발표시기 7일 후 ""1차 실무면접, 2차 임원면접과 동시에 인성검사 실시 경우에 따라 3차 대표님 면접이 진행된다고 함"" 합격 보통 도움이 돼요 1",범위
"자신이 다닐 회사를 선택하면서 가장 중요하게 생각하는 부분은 어떤 요인인가요? 채용방식 기타 발표시기 5일 후 ""온라인으로 입사 지원 후 3~4일 후 전화인터뷰가 있습니다. 바로 탈락은 아니지만 어느정도 영향을 미칩니다. 그후 다시 3 ~5 일 정도 지나면 多대多 면접을 진행합니다."" 합격 보통 도움이 돼요 0",요인
"실무면접중 대면질문으로 네이버 규제에 대해 어떻게 생각하는가? 채용방식 그룹면접 발표시기 2일 후 ""콘텐츠마케팅팀 개인마케팅파트 인턴으로 지원했었습니다. 서류접수마감 일로부터 이틀 뒤에 서류합격 전화와서 면접보러 갔었습니다. 면접 1시간 동안은 직무면접을 봤었고 그 다음 1시간동안은 팀장과의 인성면접을 봤습니다. 직무면접 은 면접관(파트장or직무에 맞는 담당직원)이 미리 지원자의 이력서를 보고 지원자 의 직무에 맞게 면접질문을 합니다. 마케팅이란 무엇인가? 사람인포털사이트를 사 용하면서 개선해야할 점? 본인이 적합한 인재라고 생각하는 이유? 거주지가 서울이 아니면 근무시 어떻게 지낼것인가? 등의 질문을 받았습니다. 인성면접은 면접이라 기보다는 거의 교육받는 수준입니다. 면접태도 나쁘지않고 잡코리아 칭찬만 안 하 면 인성면접은 쉬울듯합니다."" BEST 합격 긍정적 도움이 돼요 0",적합
1. API 는 무슨 단어를 축약한 것인가? 2. DI 종류는 무엇이 있는가? 3. JDBC API 관련 질문,API
"자기소개 후 지원동기. 자바, 웹 프로젝트, NoSQL관련 기술질문 멀티쓰레드, 동기/비동기 자바프스링 특징 등",NoSQL
"1. 자기소개 2. 손코딩 or 주어진 문제 해결 후, 풀이 설명 3. API와 같은 약어에 대해 풀네임과 설명 4. 지금까지 해왔던 경험, 그리고 CS 지식 ...",API
머신러닝 내용도 나왔어서 다소 범위가 넓었었습니다. 좀 더 넓게보시는느낌,"머신러닝, 범위"
자기소개 같은 기본적인 질문도 하지않고 바로 기술면접으로 들어감. 신입때나 물어볼법한 질문부터 디테일한것까지 면접 범위가 너무 광범위함. 질문지가 있어서 그냥 질문을 쭉쭉 읽는 느낌.,범위
RabbitMq 에서 익셉션 발생시 retry count 및 누수없는 실패처리 방법 500대 서버에 배포하려고 할때 방법은?,count
지원 분야에 대한 테크니컬한 질문들이 주를 이루고 있음. 오픈 소스 라이브러리에 대한 버전별 차이 등등..,라이브러리
"FE직군으로 면접을 봤는데 우선 코딩테스트 / 압박 면접 같은 거는 없고 자신의 직군에 대한 이해도와 깊이등을 많이 물어보는 형태였으며, 제가 받은 질문중에 몇가지만 얘기 하자면 - REST API 정의 - 위메프 사이트를 볼때 FE직군으로서 개선 점등 - 성능 고도화 기법 - Angualr, Vue, React 사용경험 및 견해 정도 기억에 남는 질문들이었습니다.",API
"경력 사항에 따라 어떤 업무를 했는지, aop를 아는지, comparable과 comprator 비교",par
"String, StringBuffer, StringBuilder 차이점 JVM 메모리 구조 Collection 종류 및 특징 이진 탐색, DFS, BFS 알고리즘 링크드리스트 삽입 싱글톤 패턴 손코딩 기타 개인 이력관련",리스트
1. 5년 후 나의 모습 2. 화이트박스 테스트 3. API 테스트 경험 4. 자신의 장/단점 5. 오픈마켓과 소셜마켓의 차이 6. 업무하면서 가장 좋았던 사례와 나빴던 사례 7. 내가 당신을 왜 뽑아야되는지 어필해봐라,API
"인생에서 가장 좋았던 기억에 대한 질문 채용방식 케이스 면접, 개인면접 발표시기 3일 후 ""삼대일 면접 간략한 자기소개 인상적인 경험 및 직무에대한 적합여부 파악 비전에 대해 중시하였고 복지 및 기타 급여조건은 좋지 못하다 미리 얘기해줌"" 합격 보통 액 3000억원 이상 (주)우아한청년들 포지션 0개 채용 중 2 코이즈(주) - 기업 랭킹 채용 뉴스 연봉 이직 뽐뿌 오는 날 5분 완성, 1년 간 기업정보가 무료!    제휴 대학 서비스  52 53 54 55 56 신고하기 도움이 돼요 0",적합
"리더에 적합한 성격인가요, 팀원에 적합한 성격인가요?",적합
Node의 라이브러리 이름 몇가지 말해보세요(쉬운 질문인데 늘 쓰던게 생각이 안나서 몇개 대답 못했 습니다) 타입스크립트의 설정파일 이름은? 그외에는 구체적인 기술질문들..,라이브러리
sqlmap을 사용하지 않고 수동으로 할 수 있는지 스노트 사용 여부 dns 스푸핑 원리,map
"컨설팅부서에 지원, 정보보안기사 필기 범위에 해당하는 다양한 분야에 대해서 질문",범위
"PT발표 내용과 프로젝트, 경력사항 위주의 질문과 취약점 진단, 개발 능력 수준을 묻는 질문이 있었습 니다. Ex)PT발표 외의 SQL인젝션 진단방법을 말해보라, 본인의 파이썬 실력은 어느정도인가? 주로 어 떤 모듈을 이용하는가? 등",파이썬
우리회사에 온 계기가 무엇인지 말씀해주십시요 평균 근무기간은 어떻게되나요,평균
"개인 프로그램 프로젝트 제작중 자신있는 부분에 대해 말해 달라. ""2차에 걸친 면접, 1차 이후 개인 동원훈련으로 2차 면접을 계속 미루다 3번의 전화 만에 2차 면접이 잡힘, 보안쪽이나 최근 가상화, 클라우드, 빅데이터에 관심을 많이 가질고 계신걸 느낄수 있었다."" 합격 정보없음 도움이 돼요 1",빅데이터
"과거 회사에서 어떤 프로젝트 했는지 최근 재미있게 본 오픈소스 프로젝트 뭐였는지 요즘어떤 언어에 관심이 많은지 ""면접 세 번 봤고 코테 기술 인터뷰 인성 인터뷰 쭉 이어서 진행했습니다."" 합격 긍정적 도움이 돼요 0",오픈소스
3년 뒤 자신의 모습 설명 어떻게 하면 크롤링을 차단 당하지 않고 최대로? 답이 없는 질문을 하고 지원자의 태도 파악함,크롤링
1. 객체지향5원칙? 2. 사용해본 오픈소스 플랫폼? 3. 코테 문제 푼거 검증,오픈소스
데이터파이프라인에 대해 설명해보는것. 파이썬의 패러다임에 대한 설명,파이썬
전에 회사에서 만든 서비스를 다시 만든다면 며칠 빠르게 할수 있냐 카카오를 왜 지원했나 퇴사 결정 요인이 무엇이냐,요인
타이머 api는 어떤 것이 있는가? 왜 setinterval을 사용했는가?,int
거의 기술 면접이었습니다. 1. 데이타베이스 인덱스 2. Jvm 구조 및 gc 3. 간단한 자료구조의 주요 함수의 시간 복잡도,함수
기술면접이 주로 대부분 - jvm에 관하여 - 분산처리 - 동기화,분산
"자바 사용 연수, 코틀린에 대한 사용경험, 스칼라 언어 사용경험, 함수형 프로그래밍 경험 등","스칼라, 함수"
프로젝트하면서 힘들었던 점 팀장을 한 이유 해시함수?,함수
RESTful API란? 하고있는 업무는? 사용자는 얼마나 되는가?,"REST, API"
"본 문제 외에 기초적인 데이터 구조나 알고리즘 관련 지식을 물어보는 필기테스트 존재. 발표시기 13일 후 ""오프라인 코딩테스트. 5-6시간 내에 주어진 문제에 맞는 알고리즘을 REST API를 이용해서 짜야 했음."" 불합격 긍정적 도움이 돼요 1",API
라이브러리를 많이 안 썼는데 이유가 있냐? 30자 30자 30자,라이브러리
"서버는 트래픽 대응 어느정도해봤는지, 스프링 디펜던시, 추상클리스, 코드개선을 위해 노력하는점 문법은 hashmap 프론트는 es6, prototype,크로스브라우징,framework",map
"1. A, B 2개의 서비스 중 어떤 것을 개발해야하는가? (토론 면접) 2. 웹크롤러 아키텍처를 보고 세부 구현 논의 (기술 면접)",크롤러
"사전과제에 대한 질문 -프로젝트 구조화가 잘 되어 있지 않은데 어떻게 바꿀 수 있는가? -즉시실행함수를 왜 사용했는가? -코드 컨벤션이 제각각인데 이유는? 업무 지식 질문 -이벤트 플로우를 설명해라 -preventDefault, stoppropogation 차이 -이전 회사 프로젝트에서 왜 xml 사용했나? -개발했던 프로젝트에 대해서 설명하라.",함수
프로젝트 제가 진행한것 3개정도 정말 깊이 물어봤습니다. c/c++ 의 차이가 뭔지 딥러닝의 기초적인 질문들이 있었습니다.,딥러닝
지원동기 TCP의 Flow 시스템 커널 값 관련 질문 사용한 오픈소스를 기반한 경력소개,오픈소스
"uint8의 자료형 범위 mysql의 스토리지 엔진 종류 자바와 c의 차이 jvm 가비지컬렉션 동작과정 대칭키와 비대칭키 차이 다음 검색에서 검색이 일어나는 과정 설명 프로세스 메모리 구조 threeway handshaking ""1차면접은 3:1 면접, 2차면접은 2:1 면접으로 진행","int, 범위"
"온라인코딩 문제는 어려운 알고리즘 문제가 아닌 간단한 언어능력 테스트. 파일입출력, 정규화, 주어진 알고리즘 로직 구현 등. 라이브코딩은 mac + intelij로 진행 내용은 온라인코딩 문제중 하나를 iterator로 구현 기술면접은 전형적인 java 관련 기술문제였다.",int
"RESTFul 에 관해 설명 Monolithic 서버와 Microservice 에 대해서 아는대로 채용방식 스킬테스트, 개인면접 발표시기 5일 후 ""서류 합격 후 메일로 코딩테스트 안내를 보냅니다. 코딩테스트 수준은 그렇게 어렵 지 않고 다만 약간의 함정이 있는데 그 부분만 넘어가면 됩니다. 해커랭크로 시험봅 니다. 전화면접에서는 경력사항 확인과 기본적인 전공지식을 테스트합니다."" 대기중 긍정적 도움이 돼요 1",REST
"TCP/UDP 차이, 3-handshaking 과정 설명, hashmap, hashset 차이 채용방식 PT면접, 개인면접 발표시기 5일 후 ""전화 면접에서 기본적인 수준의 전공 기초를 물어봄. 1차 면접에서는 자기소개서 바탕으로 프로젝트 진행한 것에 대해 질문이 꼬리로 이 어지고 더 심화된 전공 기초 지식에 대해 물어본다."" 대기중 긍정적 도움이 돼요 1",map
"1차 알고리즘 테스트 난이도 중~하. 문제를 제대로 이해하고 그대로 구현하면되었음. 시공간복잡도를 따질 필요는 없었음. 7문제중, 4문제 이상 정답을 맞추면 합격. 2차 크롤링 개발 난이도 중. 카카오에서 호스팅 서버를 열고 API를 제공. 크롤링과 비슷한 메커니즘의 프론트 엔드 개발 이였음. 크롤링 성공시 점수가 부여되며, 쿼리량, 크롤링의 실패유무로 감점을 하는 방식. 자신의 최고 점수를 스코어보드로 띄워 실시간으로 자신의 순위를 볼 수 있었음. 1등은 23~24만점이였으며 50등 진입은 10만 초반대 100등 진입은 8만점대였음. 합격은 8만점 이상 커트라인이였음. 3차 알고리즘 테스트 준비중. 난이도 상으로 예상중.","크롤링, API"
"직접 구현도 가능할 것 같은데 왜 오픈소스 라이브러리를 썼나? 직접 구현한다면 어떻게 할 것 같나? 오 픈소스 동작 방식을 알고있나? 채용방식 개인면접 발표시기 30일 후 ""간단한 소개 이후에 과제에 대한 코드리뷰 후 왜 그렇게 작성했는지에 대해서나 다 른 조건일때 어떻게 할것인지에 대해 물어봤습니다."" 대기중 긍정적 도움이 돼요 0","오픈소스, 라이브러리"
"미적분 B트리 삽입정렬 선택정렬 퀵소트 정규화 비정규화 이진검색트리 인덱싱 캐싱 디비클러스터링 서버로드밸런싱 이미지클러스터링 리스트 링크드리스트 앵귤러2 리액트 Virtual DOM 설명 ES6 Build Process 설명 Deploy Server Git Flow isolation level Graph 최단거리 ACID CRUD ""서류전형은 메일로 하루내에 알고리즘 코딩 1차 면접은 4인 압박면접 2시간정도"" 액 3000억원 이상 오진상사(주) 포지션 10개 채용 중 2 코이즈(주) - 기업 랭킹 채용 뉴스 연봉 이직 뽐뿌 오는 날 5분 완성, 1년 간 기업정보가 무료!    제휴 대학 서비스  회사소개 이용약관 개인정보처리방침 커뮤니티가이드라인 모바일 버전 공지사항 광고 및 제휴문의 고객 문의 FAQ | | | | | | | | (주)브레인커머스 서울특별시 강남구 테헤란로 509 엔씨타워 I, 10층 | 대표   황희승, 윤신근 | 개인정보보호관리자   윤신근 사업자등록번호   120-87-92182 | 통신판매업 신고번호   제2014-서울강남-02942호 | 유료 직업소개사업 등록번호   (국내) 제2017-3220163-14-5-00046호 64 65 66 67 68",리스트
면접 시작부터 피면접자를 배려해주는 모습이 좋습니다 이후 그동안의 프로젝트 이력에 관련하여 하드스킬 소프트스킬 전범위에 대해 정중하게 질문 주셨습니 다,범위
"map/set/list차이점, 자바의 serializable과 안드로이드 parcelable의 차이 등 채용방식 스킬테스트, PT면접, 개인면접 발표시기 7일 후 ""면접관 네 분이었고, 약 50분간 진행되었습니다. 면접관 세 분이 실무자 같았고, 한 분은 다른 팀 분이거나 인사팀 분이 아닐까 생각합니다. 세 분의 실무자 모두 저를 편하게 해주시려고 노력했고 굉장히 매너가 좋았습니다. 처음에 1분 자기소개 하고 제 경력 관련해서 질의 응답 이뤄졌습니다. 그리고 과제 보면서 리뷰 하면서 기술적 질의 응답을 했습니다. 이 때 거의 예상되는 질문들을 했습니다. 최대한 대답을 유도 하기 위해 질문하는 형태였습니다. 과제 관련해서 공부 많이 하면 되겠습니다."" 불합격 긍정적 도움이 돼요 0","map, par"
"오픈소스 내부 로직. 해당 라이브러리 선정/사용하는 이유. 자바 기본 클래스 내부 메소드 로직. 채용방식 스킬테스트, 개인면접 발표시기 1일 후 ""면접 분위기는 편함. 기술면접은 과제 코드리뷰와 사용한 오픈소스 설명. 이력서에 기재한 경력내용과 해당 기술 설명. 임원면접도 기술면접이었음. 난이도가 어려웠고 답변을 못함."" 불합격 긍정적 도움이 돼요 1","오픈소스, 라이브러리"
본인이 사용하고 잇는 개발언어를 이용하여 제귀함수를 이용해서 해당 문제를 풀어 보세요.,함수
기억나는 질문은 순환참조에 대해 설명하시오. 메모리 관리 기법에 대해 자세히 설명해주세요. OAuth가 먼가요 블러처리는 어떻게 했나요,순환
기억에 남는 프로젝트를 얘기해 주세요. 지원한 분야에 본인이 적합하다고 생각되는 이유는?,적합
분산처리에 대한 자세한 내용을 많이 물어봄,분산
광범위한 질문들이 많고 예시를 들어 질문할때도 있음 편한 분위기에서 진행할려고 노력해주심,범위
"1차 코딩 테스트는 음악 플레이리스트 셔플 문제 2차 테스트는 실제 추천 시스템에 대한 영어 논문을 미리 주고, 그 다음날 그 논문에 대한 이해를 묻는 문제와 실제 파이썬 코드에서 성능을 향상 시킬 수 있도록 코드 수정 (수식) 채용방식 스킬테스트 발표시기 7일 후 ""멀티미디어 응용 시스템 개발, 추천시스템 파트, 홈페이지를 통해 지원, 1차 코딩 테스트 후 2차 코딩 테스트"" 불합격 보통 도움이 돼요 6",리스트
"(1) 간략하 자기소개 - 간략히 지금까지의 경력 위주로 간략소개함 (1분정도 소요) (2) 지금까지 했던 업무(프로젝트) 중 가장 자신있는 부분을 기술적인 측면에서 화이트보드에 판서를 해가면서 디케일하게 설명 해주세요 - 대략 30분정도 설명 해나감 (겁네 힘듬) (3) 하루에 2테라 정도의 입력이 있는 시스템에서 본인이 ETL 시스템을 개발한다고 하면 어떻게 개발 할지에 대한 디테일 설명 해주세요 - 하둡/HBase 등등을 써서 이러쿵 저러쿵 할것 같아요 - 왜요 ? - 일단 2테라 데이터는 한방에 들어오는 데이터도 아닐거라 생각하며 - 말그대로 로그성 데이터를 주구장창 쌓아둘 스토리지가 필요하니 - 빅데이터 플랫폼 하둡을 얹어놓고, 데이터를 누군가에게 시각화 - 하기위해서는 HBase같은 빅테이블 관리 애플리케이션이 필요하고 - 그리하여 그렇게 구성하면 되지 않을까요 ? - 네 맞습니다. (난 참고로 ETL 해보지도 접해보지도 못함 ㅠ) (3) 자바에서 Netty에 대해 설명 해주세요 (4) 자바에서 가비지 컬렉션 혹은 성능상의 문제로 튜닝 경험기는 ? (5) 입사를 했다고 치고 업무가 무지 재미없다면 ? (6) 마지막 이 질문이 나를 빡치게 함 ㅎ - 근데요 . 인프라쪽을 많이 하셨는데요. => 참고로 난 클라우드 컴퓨팅, 소프트웨어 정의 스토리지를 2010.05 ~ 현재까지 하고 있음 - 왜 이쪽을 지원하셨어요 ? 저희 ETL은 그쪽은 아니구요.. - 경력자를 뽑는데 저희도 관련 분야가 적당할듯하며, 분야를 잘못 선택하셔서 지원 하신듯이요.. - 나갈려는데 안되더시라도 실망 마세요 ㅎ 빠잉~","하둡, 빅데이터"
"이 일에 자신이 왜 적합한지. 일에 관한 기본적 상식 관심도를 봄. 채용방식 개인면접 발표시기 5일 후 ""성실하고 진지한 면접. 경험해볼만한 면접이었고 의미있었다"" 불합격 보통 도움이 돼요 0",적합
"디자인 패턴 질문, 상사와의 불화있을 시 대처, 빅데이터 관련 신기술 질문",빅데이터
"자료구조 알골리즘 관련 스프링 프레임워크 MVC 패턴 데이터 형 const let var 차이 호이스팅 개념 Promise API, Callback 차이",API
특별한건 없었고 이기종의 분산된 db에서 대용량 데이터 처리를 위해 당신이라면 어떻게 처리하겠냐 는 질문이 기억에남음,분산
"객체지향의 정의, 오픈 소스 라이브러리 사용 경험, 새로운 기술을 익혔던 방법",라이브러리
직장을 자주 옮긴 이유? 평균 근속 3년 정도였는데 개발자치고 무난한 이직횟수라고 생각함,평균
직무의 범위가 적고 메인업무가 아닌데 괜찮겠냐? 혼자 헤쳐나가야 할지도 모르는데 이런 환경 괜찮나?,범위
빅데이터와 대용량데이터베이스의 차이에 대해서 말하보시오,빅데이터
전공이 지원 분야에 적합하지 않은 것 같은데 비전공 분야에 어떻게 대처할 것인가,적합
당시 핫한 주제인 비트코인이나 인공지능에 대한 주제로 토론면접을 진행합니다,인공지능
"1. 웹과 앱의 차이 2. node.js의 장점 3. RDB, NoSQL차이",NoSQL
"1.당시 정치 이슈와 관련된 내용(개인의 견해) 2.개인프로젝트(딥러닝)과 관련한 질문 - 딥러닝의 활용 분야와 시스템과의 연관성 3.전공공부는 어떤식으로 진행했는지(사용한 교재, 공부 방법 등)",딥러닝
"실제로 낸 성과, 기술적 역량의 범위, 내근직 경험여부",범위
"전회사는 왜 퇴사했나요 우리회사에 어떻게 기여할건가요 자기소개해보세요 채용방식 필기시험, 인/적성검사, 토론면접, 워크숍 발표시기 7일 후 ""1. (하루종일 면접) 다대2로 토론면접 진행. 그 후 실무진 면접 진행. 직무에 지원한 사유와 적합하다 느끼는 사유등을 문의 2. 임원면접 (임원 5명과 여럿) 인성위주의 질문과, 신한디에스에 왜 지원핸는지, 홈페이지에 나오지 않은 답변 요 구"" 합격 보통 도움이 돼요 0",적합
"- list, set, map관련된 비교 질문 - 무슨 프레임워크, 어떤 스크립트 등 써본 것에 대한 질문",map
"1. 토론면접 -AI가 만든 창작물도 저작권이 있어야하는가 -초등학교 코딩교육 의무화에 대해 2. 직무면접 -한명씩 자기소개 -다뤄본 보안장비가 있는지 -IPS, IDS, 방화벽의 차이 -DDoS 방어방법(DDoS 장비 제외한 답변을 원함) -직원들의 보안의식을 높이려면 어떻게 해야하는지 -개인정보보호법에 관한 질문이었는데 기억이.. -입사하면 무슨일을 하고싶은지",개인정보보호법
"1차 면접날 오전, 오후 나눠서 인적성검사를 치고, 실무면접을 진행합니다. 실무면접은 블라인드 면접이라 지원자의 이름만 면접관님들이 알고있습니다. 실무면접은 기술 + 토론 면접으로 이루어져있으며, 여성분들과 함께 토론면접을 진행합니다. 기술면접에서는 실무면접관들이 젠틀하고 너무나도 좋게 면접을 진행해주시고, 무엇보다 경청해주시 는 모습에 몹시 좋은 인상이었습니다. 하지만 2차 임원면접에서 신한DS라는 기업에 대해 매우 안좋은 인상을 받았습니다. 신한DS에서도 인 공지능을 할 것이라는 홈페이지 공고를 보고 자기소개서를 적었습니다. 제가 받은 2차 질문입니다. - 우리회사는 인공지능을 하는 회사가 아닌데 왜 지원했나? - 그래서 인공지능으로 뭘 만들수 있나? (대답하려고 딱 ""우선""이라고 말했는데 바로 끊으며) 아 짧게 대 답하세요! - 18년도 2월에 졸업하셨는데 이때까지 뭐하셨어요?(면접이 18년도 7월이었습니다...) 라고 질문으로 끝이났습니다. 실무진들의 뛰어난 지식과 젠틀한 인상을 주었던 1차 실무면접에 비해 임원면접에서 임원분들께 너무나도 크게 실망하였습니다. 자기회사의 사업이 어떤것을 하는 지도 모르 ""서류 - 온라인코딩테스트 - 온라인인성검사 - 인적성 + 실무면접 - 임원면접(최종)"" 액 3000억원 이상 대원씨티에스(주) 포지션 0개 채용 중 2 (주)오픈노트 New 기업 랭킹 채용 뉴스 연봉 이직 뽐뿌 오는 날 5분 완성, 1년 간 기업정보가 무료!    제휴 대학 서비스  48 49 50 51 52",인공지능
1개의 토론면접으로 인공지능에 대한 이슈 문제와 기술면접으로 보안에 대한 기본지식을 물어봄,인공지능
"이력서 위주로 질문 이직사유 오픈소스 커스텀으로 사용여부 채용방식 그룹면접 발표시기 7일 후 ""서류합격 전화로 왔으면 문자로 면접관련정보가왔습니다 그룹면접이면 면접관 여러명 면접인원 여러명 같은분야가 아니면 이력서 위주로 질문함"" 불합격 보통 도움이 돼요 0",오픈소스
"논술 면접, 대면면접을 진행함, 빅데이터, 인공지능에 대한 질문이 있었음.","빅데이터, 인공지능"
"토론 면접은 게임중독은 질병인가, 인공지능은 해가 되는가, 빅데이터의 신뢰도에 대한 자신의 생각 직무 면접은 기술적인 것 보다 프로젝트 위주 입니다. 자기소개, 가장 자신있는 것, 가장 흥미있어 하는 것, 자신을 뽑아야하는 이유","인공지능, 빅데이터, 신뢰도"
"토론면접, 노키드존,임금피크제,청년수당 등.. 개별면접, 원하는 직종에 배치되지 않을 경우? 채용방식 필기시험, 인/적성검사, 토론면접, 개인면접 발표시기 7일 후 ""면접간에는 편안한 분위기를 위해 면접관들이 노력, 간단한 자기소개 후 토론면접 후 개별면접, 개별면접은 블라인드 면접이라 간단한 자기소개에서 궁금한 내용 질문, 그 자기소 개에서 별다른 특징이 없으면 평범하게 질문 리스트중 하나를 질문하는 듯, 간단한 자기소개에서 간단하지 않은 자기소개가 필요"" 불합격 보통 도움이 돼요 0",리스트
1차면접에서도 물어본얘기지만 2차에서도 다시 물어봄 지원한 동기가 무엇이며 어떤직무에 지원한건 지 아는지에 대해서. 그 직무에 왜 적합한지 물어봄.,적합
"왜 지원했느냐, 전 회사보다 일의 범위가 좁아질 수 있는데?, 언제 출근 가능한지?",범위
오래 근무할것인지에 대한 질문을 계속하는것으로 봐서 직원들 평균 근속기간이 짧은것을 알수있었음,평균
1차 실무면접은 팀장급으로 보이는 사람이 들어와서 10가지정도 질문리스트를 주고는 5분정도 볼 시 간을 줌. 개발해봤다면 평이하게 답할 수 있는 문제들. 모두 다른 100개의 상태값을 웹 프론트에서 db 까지 저장하려면 어떻게 해야되냐? 자세하게 과정을 설명해봐라 같은 문제..,리스트
1:3정도의 면접에서 어떤 범위를 할 줄 아는지 물어봅니다 전직장에서 어떤 업무를 해왔는지도 확인합니다,범위
"NoSQL에 대해 알고 있는지 묻고,, 그 외에는 거의 인성질문",NoSQL
"1이전 회사에서 했던 내용 소개 2술은 잘마시냐 3인공지능에 대한 기초 질문 채용방식 개인면접 발표시기 7일 후 ""서류 제출 후 1차 실무진 면접 당일에 바로 인사과 면접"" 합격 부정적 도움이 돼요 0",인공지능
몇몇 면접을 봐오면서 사용했던 라이브러리의 버전을 물어봐서 당황.... 불편한 질문은 없었고 현재 개발 환경에대해 말해주고 접해본적이 있는지에 대한 질문. 사실대로 답변 함.,라이브러리
1. 애드블록 같은 기능을 사용하는 소비자가 늘어나는 이유와 광고업이 지향해야 할 바는? 2. 배너 광고의 기술? 3. String과 StringBuffer의 차이,블록
"피카소 글라이드라이브러리차이 코틀린 map, fillter정의 디자인패턴 정의","라이브러리, map"
"1. 프로젝트 진행하면서 어려웠던 경험과 대처 방안 2. 광고와 관련된 개발 경험 여부 3. 개발하면서 사용한 라이브러리 (네트워크, 이미지로딩 등)",라이브러리
"자소서와 자기소개를 했던 내용에 관하여 질문을 3~4개 정도 받았으며, 그룹면접이여서 그런지 공통 질문은 3개정도 받았습니다. 회사의 무엇을 보고 지원을 하였나? 개발자로서 무엇을 하고 있느냐? 채용방식 인/적성검사, 그룹면접 발표시기 5일 후 ""사내 직원들이 평균 30세정도의 젊은 회사여서 친절하게 대해주고 긴장을 풀어주 는 등의 편안한 분위기로 6명이 한조가 되어 면접이 진행이 되었습니다. 면접후 결 과는 언제부터 언제까지 알려준다고 하였으면 가장 마지막 날짜에 연락을 줍니다. 면접을 보고나서 수고했다는 등의 내용의 문자와 함께 면접결과에 대한 피드백을 주신다고 하였지만 면접결과와 함께 받은 피드백은 그냥 누구에게나 해당이 되는 내용이었습니다."" 불합격 긍정적 주)인라이플 사의 빠른 소식을 받아보세요! 2 코이즈(주) - 기업 랭킹 채용 뉴스 연봉 이직 뽐뿌 오는 날 5분 완성, 1년 간 기업정보가 무료!    제휴 대학 서비스  회사소개 이용약관 개인정보처리방침 커뮤니티가이드라인 모바일 버전 공지사항 광고 및 제휴문의 고객 문의 FAQ | | | | | | | | (주)브레인커머스 서울특별시 강남구 테헤란로 509 엔씨타워 I, 10층 | 대표   황희승, 윤신근 | 개인정보보호관리자   윤신근 사업자등록번호   120-87-92182 | 통신판매업 신고번호   제2014-서울강남-02942호 | 유료 직업소개사업 등록번호   (국내) 제2017-3220163-14-5-00046호 대표번호   1644-5641 (10:00~17:00 / 매월 마지막 금요일 09:00~13:00 / 주말 및 공휴일 휴무) | 대표이메일 : customer_service@jobplanet.co.kr ©Jobplanet. All rights reserved. 32 33 34 35 36 신고하기 도움이 돼요 0",평균
"딱히 어려운질문은없었음. 본인에대한 자기소개, 내가 지금껏해온 프로젝트들에한 질문, 아무래도타켓팅광고회사다보니 대용량트래픽 경험 혹은 관리등 대용량 데이터 처리에대한 경험 유무 및 처리방법 질문, 자동빌드배포 경험유무 질문 ""지원서넣고 이틀뒤 인사담당자에게 전화가왔는데 다른면접일로 받지못해 후에 따 로연락해서 면접일자잡음. 부서장과 1:1면접진행. 부서장이 최대한 분위기 편하게 해주려고 하심. 난 개발파트로 지원을했지만 진행하면서 부서장말하는걸 들어보니 부서특성상 하는일이 개발보단 주로 유지보수 운영 업무를 한다는늬양스로 말함. 대충 개발2운영8정도 느낌? 그렇다보니 내가 지금껏해오던것과 부서장쪽에서 요 구하는 부분이 맞지가않아 진행하면서 떨어지겠네 라는생각을했음. 일하며 익히면 보름정도면 다 하겠지만 당장 써먹을사람을 구하는것처럼보였음. 면접후 부서장이 차주안으로 합격유무 연락해준다고했는데 2주가 지나도록 면접결과에대한 연락이 전혀오지않았음. 그래서 최초 연락받았던 인사담당자에게 연락했으나 연락도안되 고 회신도안와 메세지로까지 질의했는데도 무시. 인사팀이 일을 대충대충하는느낌 이 강하게듬"" 빅데이터 영업은 어떤 차이점이 있죠? 빅데이터영업 정시유님 [직무인터뷰] PHP개발 언어를 선택한 이유 PHP개발 이상연님 주)인라이플 사의 빠른 소식을 받아보세요! 3 롯데씨브이에스71… 3 기업 랭킹 채용 뉴스 연봉 이직 뽐뿌 오는 날 5분 완성, 1년 간 기업정보가 무료!    제휴 대학 서비스",빅데이터
"해왔던 전문기술 상세히 면밀히 검토 결원에 대한 충원인 많큼 해당 업무에 적합한지 판단 주)인라이플 사의 빠른 소식을 받아보세요! 2 코이즈(주) - 기업 랭킹 채용 뉴스 연봉 이직 뽐뿌 오는 날 5분 완성, 1년 간 기업정보가 무료!    제휴 대학 서비스  회사소개 이용약관 개인정보처리방침 커뮤니티가이드라인 모바일 버전 공지사항 광고 및 제휴문의 고객 문의 FAQ | | | | | | | | (주)브레인커머스 서울특별시 강남구 테헤란로 509 엔씨타워 I, 10층 | 대표   황희승, 윤신근 | 개인정보보호관리자   윤신근 사업자등록번호   120-87-92182 | 통신판매업 신고번호   제2014-서울강남-02942호 | 유료 직업소개사업 등록번호   (국내) 제2017-3220163-14-5-00046호 대표번호   1644-5641 (10:00~17:00 / 매월 마지막 금요일 09:00~13:00 / 주말 및 공휴일 휴무) | 대표이메일 : customer_service@jobplanet.co.kr ©Jobplanet. All rights reserved. 35 36 37 38 39 면접일자 2016/04 면접경로 온라인 지원",적합
"AWS 다뤄봤는지? 대용량 트래픽 다뤄봤는지? No SQL 다뤄봤는지? 몽고DB, 레디스 다뤄봤는지? 별도의 테스트 서비스를 이용해 테스트 해봤는지? 모니터링 툴 써봤는지? 화면설계 해봤는지? 톰캣 세부설정까지 다뤄봤는지? 어떤 API 서버 개발했는지? 사수없이 혼자 해야되는 환경인데 가능한지? ""사내 카페테리아에서 대기하다 인사팀 직원이 불러서 회의실에서 면접 대기함 면 접을 한번에 보는게 아니고 각 팀별로 면접을 봄 각각 필요한팀에서 면접 보는 듯함 두개의 팀에서 면접을 본후 최종적으로 CTO 면접을 보고 인사팀 직원과 입사 가능 한날짜랑 연봉 얘기하고 끝남"" 빅데이터 영업은 어떤 차이점이 있죠? 빅데이터영업 정시유님 [직무인터뷰] PHP개발 언어를 선택한 이유 PHP개발 이상연님 주)인라이플 사의 빠른 소식을 받아보세요! 2 코이즈(주) - 기업 랭킹 채용 뉴스 연봉 이직 뽐뿌 오는 날 5분 완성, 1년 간 기업정보가 무료!    제휴 대학 서비스","API, 빅데이터"
"안드로이드 사용해본 그래픽 라이브러리, 통신프로토콜, 플래그먼트 아무튼 주로 사용해본 라이브러리 위주로 물어봄.",라이브러리
"필기시험에 spring용어(IDE란?, 메모리구조(스텍, 리스트링크, 큐구조 설명)) 리눅스용어(ls, tail, ps 등 기본적인 용어) 네트워크용어(osi7계층 등) 약 30문제에 대한 시험 리눅스나 유닉스에 대한 질문과 앞으로 할일에 대한 설명이 주를 이룸 2차면접에는 성격 장단점, 야근에 대한 인식 등에 대한 질문, 거의 일반화되있는 인적성검사 느낌이 강 함",리스트
1. proxy에 대해서 2. arraylist linked list 차이 3. HashSet HashMap 2. 입사 후 개선하고 싶은 일은 3. 지금까지 업무 설명,array
일반적인 회사가 틀에 정해진 구조적 면접이라면 케이지 이니시스는 대화식 면접입니다 정말 면접관님 과 업무적 대화를하며 채용자를 뽑아가는 면접 구도였습니다 1.pg산업을 아시는지 2.개발언어나 디비 다루어본 경험 3. 오픈소스 사용경험,오픈소스
Hashmap과 Hashtable의 차이. JAVA 프레임워크 사용 경험 유무 등,map
"빅데이터, 간편결제 트랜드, 지원동기, 포부, 자기계발 관련",빅데이터
"편안한 면접 분위기였으며 기술적으로 어려운 내용도 없었으나 임원 면접시에 현재 요구한 연봉이 적합하냐는 질문이 있었음. 채용방식 개인면접 발표시기 20일 후 ""헤드헌터 통해 지원했고, 일주일 후에 실무 면접 일정이 나옴 면접관 3명, 지원자 1의 다대일 면접이 진행되었음. 진행했었던 프로젝트에 대한 간단한 소개를 하였고, 프로젝트 내용에 대한 질문에 문답하는 형식으로 40여분간 진행. 기술적으로 질문으로는 WAS 및 오라클DB, 서비스 장애에 대한 대응방법 등이 있 었음"" 합격 보통 도움이 돼요 0",적합
1. 주로 해왔던 일이 무엇인가요? 2. 빅데이터 클러스터 몇대 구축하셨나요? 3. 머신러닝 알고리즘을 직접 구현하셨나요?,"빅데이터, 머신러닝 알고리즘"
"Q)이 회사에서 어떻게 기여할 수 있을지? Q)주니어 개발자가 성장하기 위해 필요한것들? 발표시기 30일 후 ""신입의 경우 일반적인 CS질문 위주 인터넷에 검색하면 나오는 일반적인 수준의 질문들에 대해서 리스트업했던것 같음"" 합격 보통 도움이 돼요 1",리스트
"HTTP와 TCP의 차이, Restful API, 가비지 컬렉션이란",API
"phase 1. 이력서 기반 질문 phase 2. 프리젠테이션으로 문제를 제시하고 답 하라고 함. C++ 스킬 심화과정 질문 - RVO, NRVO 설명 - SFINAE 설명 - smart_pointer에서 weak_ptr 설계",int
"인게임시스템을 구현해보아라,c++ 지식 다수, 그리고 게임 지식 관련 등 광범위함",범위
쓸데없는 기술 질문들. 본인들도 면접 책을 찾아보고 온거 같네요. 실무에 적합한 질문들이 좋을듯,적합
1. flux 구조체 설명 2. 브라우저 렌더링 과정 설명 3. 함수형 프로그래밍 설명,함수
"기본적인 자료구조 질문 링키드리스트 백터 맵 리스트 차이점 등등 채용방식 필기시험, 스킬테스트, 개인면접 발표시기 11일 후 ""다대다 면접으로 짐행되고 하루에 기술면접과 인성면접이 동시에 진행됨"" 합격 보통 도움이 돼요 1",리스트
"OOP , C++, Pointer, Virtual Function, Sort, Tree, Big O, Thread, TCP/UDP , Rendering Pipeline 등 기본적인 기술 질문 포트폴리오 구현된 기술 질문 팀작업시 겪은 애로사항에 대하여 질문",int
"Database 및 Query, Programming 관련 전반적인 지식 확인",min
"가상함수 ,멀티스레드 , 포인터 , 자료구조 , stl 등등",함수
"온라인 코딩테스트는 외부사이트를 통해서 진행되며 평균~평균이상정도의 난이도입니다. 오프라인 코딩테스트 직후에 바로 직군면접이 시행되며, 직군면접에서는 오프라인 코딩테스트에서 작성 코드에 대한 질문과 기본 자료구조 등의 기본 지식을 물어봅니다. 팀면접은 팀마다 다르겠지만, 본인이 해왔던 것에 대해서 물어보았습니다. 인사면접은 잘^^ 보시면됩니다.",평균
면접 질문보다도 필기 시험의 난이도가 상당하였다 원리를 이해하고 있어야지만 선택가능한 답변이 대다수를 이루엇으며 범위는 수학부터 운영체제 네트 워크까지 전 범위에 걸쳐 나왓다,범위
"OLAP와 OLTP의 차이점은 무엇인가? SQL Injection 취약점을 방어하는 방법은 무엇인가? 채용방식 스킬테스트, 개인면접 발표시기 7일 후 ""경력 수시채용이었는데, 팀면접이 중요하고 할 수 있다. 팀의 채용 포지션과 담당하게 될 직무의 적합성을 잘 파악해둔다면 도움 될 듯."" 합격 긍정적 도움이 돼요 0",적합
"c# 클래스/구조체 차이점, stl문제, 가상함수 위치",함수
페르미 추정 및 기술 면접 기술 면접의 경우 알고리즘 및 자료구조 수준,추정
"게임 프로그래밍 직군으로 면접 수행 1. virtual, vfptr 등 C++ 클래스 관련 2. C++ 관련해서 자세히 물어봄 STL 라이브러리들의 내부 알고리즘 알고리즘 설명등 3. Database, 자료구조 등 CS 전반적인 질문들 발표시기 7일 후 ""서류 통과 후 면접 잡히는데 조금 시간이 걸림(1~2주), 합격에는 CS 관련 지식과 C++ 관련 지식이 매우 중요함"" 합격 긍정적 도움이 돼요 0",라이브러리
"50분간 진행 어떤걸 공부해왔으며 경험같은걸 말해봐라 퀵소트 설명해봐라 힙영역이 뭐냐? -> 동적할당이 뭐냐? 가상함수가 뭐냐? 스태틱 캐스트와 다이나믹 캐스트 설명해봐라 해쉬맵과 맵의 차이가 뭐냐? 해쉬맵에서 인덱스가 문자열일 경우? 맵과 해쉬맵의 시간복잡도가 어떻게 되냐 스택 2개로 큐 구현이 가능한가? -> 그럼 시간복잡도는 어떻게 되나 내적, 외적이 뭐냐? 멀티스레드 환경에서 문제되는 것들 설명. 뮤택스, 세마포어를 언급했는데 둘의 차이점이 뭐냐?",함수
사전 코딩 테스트는 간단한 로직 구현 (뱀 똬리모양으로 숫자 배열하기) 하는것 이었고 이어서 면접관 서로 부서가 다른 3명의 면접관이 들어와서 각기 질문을 했습니다. 주로 고급 기술보다 기초적인 내용 을 물어보고 대답 못하는 지점까지 조금씩 심오한 질문을 하는 형태로 진행됬습니다. 마지막에는 상황 을 설정하고 그 상황을 어떻게 풀어야 할지 구두로 질문하고 해결하는 시간을 가졌습니다.,배열
"C와 C++의 가장 큰 차이점 C++과 C#의 가장 큰 차이점 GC의 동작원리 GC의 관리 기준은? C언어 세 가지 함수호출 규약 컴파일러가 컴파일 과정에서 최적화를 수생하게 되는데 이 최적화를 막을 수 있는 방법은? 채용방식 필기시험, 개인면접 발표시기 7일 후 ""서류제출 - 직군(기술)면접 - 팀 면접 - 2차 팀면접 - 인성면접"" 주)넥슨코리아 사의 빠른 소식을 받아보세요! 2 코이즈(주) - 기업 랭킹 채용 뉴스 연봉 이직 뽐뿌 오는 날 5분 완성, 1년 간 기업정보가 무료!    제휴 대학 서비스  회사소개 이용약관 개인정보처리방침 커뮤니티가이드라인 모바일 버전 공지사항 광고 및 제휴문의 고객 문의 FAQ | | | | | | | | (주)브레인커머스 72 73 74 75 76",함수
"수학문제, 프로그래밍 문제, 이론적인 문제 등등 채용방식 필기시험 ""서류는 대부분 통과. 문제는 넥슨 테스트에서 많이 떨어집니다. 문제가 정말 광범위하게 나와서 엄청 준비해야합니다."" 불합격 부정적 도움이 돼요 0",범위
"주로 직무관련된 경력사항에 대해 심화적인 질문들이 많았습니다 ""일상적으로 예상가능 했던 범위내의 질문이었습니다. 분위기는 훈훈했어요"" 대기중 보통 도움이 돼요 0",범위
가상 함수에 대해 아나요?,함수
"릴리즈 버전에서만 발생하는 버그 추적 방법은? 애플이 최근 발표한 언어에 대해 비교해서 설명하세요. 모바일 인앱 결제 프로세스를 설명하세요. C++ 블록에 대해 설명하세요. C# 애트리뷰트에 대해 설명해 보세요. 채용방식 스킬테스트, 개인면접 발표시기 7일 후 ""서류 전형 > 과제 (4일간 4문제. 알고리즘 프로그래밍) > 면접 전 1시간 프 로그래밍 테스트 > 기술 면접 > 팀면접 기술 면접이 상당히 까다롭습니다. 실무 능력 보다는 얼마나 기술적으로 많이 알고 있는지가 중요한 것 같습니다. C++, STL 및 본인의 분야에 깊이 있는 질문을 많이 던집니다. 자신 없게 대충 대답하면 끝장납니다. 자기 계발을 위해 무엇을 하는지도 물어봅니다."" BEST 불합격 부정적 도움이 돼요 4",블록
"동적 라이브러리와 정적 라이브러리 비교 설명. 채용방식 필기시험, 스킬테스트, 개인면접 발표시기 30일 후 ""필기(프로그래밍 지식 객관식) 면접 전 시험(약 3,4문항 소팅정도 수준의 간단한 수도코드와 서술문제) 기술 면접(OS는 windows via c++, C++은 열혈강의에서 effective 중간정도 수준 이었으나 난이도가 더 상승한듯)"" 합격 긍정적 도움이 돼요 1",라이브러리
"1. 서비스 플랫폼 개발시, 영어, 일본어, 중국어 뿐만아니라 10개가 넘어가는 언어지원을 구축시 사용할 수 있는 방법을 제시해 보세요. 2. 현재 상용하는 React.js, Angular.js, Vue.js 등의 장점과, 단점, 그리고 개선점을 서술해 보세요. 3. 크로스 브라우징 관련해, 문제점 파악을 위한 단계를 최대한 기술적으로 이야기 하세요. 4. API구성을 위한 요소시 우선순위로 두는 것 그리고, 그 이유 5. DB에서 인덱스 종류, 기준이 되는 타입 6. Platform 기반 서비스를 제공시, 개발 측면의 MVC 혹은 운영측면읜 MVC를 그리고, 왜 그런지 설명해 주세요. 7...",API
프로젝트하면서 힘들었던 일 / 자신있는 언어 / 사용했던 API,API
- 지원 분야의 주로 거론되는 문제점에 대해 해결 방안 제시 요구 (아직 방안이 세상에 존재하지 않음에 도) - 너무 넓은 범위의 문제를 제시하고 그에 대한 답변을 요구함 (시스템 전체 디자인) - 지원 분야와 관련된 회사내 서비스 이용 경험,범위
1. 동아리 활동한 것에 대해 2. 졸업프로젝트(머신러닝 관련)에 대해 3. 5G가 초고속 특성을 갖게 해주는 기술의 종류 4. 네트워크 장비의 종류,머신러닝
"이슈가 돼는 기술에 대한 질문, 예를들어 인공지능을 어디에 쓰면 좋을지, 인공지능의 향후 방향 등등 질문 발표시기 30일 후 ""실무면접 3명 임원면접 3명으로 진행 손코딩봤으며 본인이 한 프로젝트 질문"" 합격 긍정적 도움이 돼요 1",인공지능
재귀함수의 문제점은? 프로젝트할 때 갈등과 해결방안 프로젝트 주제 왜 그렇게 선정했는지 프로젝트 경험 위주의 질문들,함수
1. 표면검사기술에 대해 지금까지 구현한 내용에 대해 알려주세요 2. 속도 및 기능을 어떻게 개선한 경험이 있는지 알려주세요 3. 우리 회사에 왜 지원하게 되었나요 4. 알고 있는 라이브러리를 알려주세요,라이브러리
"재귀 함수의 문제점이 무엇이고, 어떻게 해결할 것인가? 모든 경우에서 재귀가 안좋은가? 채용방식 인/적성검사, PT면접, 토론면접, 개인면접 발표시기 30일 후 ""서류 - KT 인적성 - 1차면접(직무역량&토론) - 2차면접(임원) 인적성: 타 기업에 비해 매우 쉬운 편입니다. 1차 면접 - 토론: 먼저 그룹별 토론 면접을 진행합니다. 토론 주제는 망중립성이었 습니다. 토론 면접에 대한 피드백은 좋지 않았습니다만, 제가 낸 아이디어가 해결 방 안으로 채택되었기 좋은 점수를 받지 않았나 싶습니다. 1차 면접 - 직무역량: 3대1 면접입니다. 먼저 25분(?)동안 5문제를 풉니다. 기본적 인 os 지식과 기본 알고리즘을 손코딩 하는 문제입니다. 풀고 면접장에 들어가서 바 로 발표합니다. 꼬리 질문이 많이 들어오고, 이 알고리즘의 문제점을 어떻게 해결할 지, 이 문제를 어떻게 응용할 수 있을지 여쭤보셨습니다. 그 후에는 전부 제 프로젝 트 관련 질문입니다. 2차 면접: 3대 1, 20분 면접입니다. 임원 면접이지만 인성 면접보다 직무역량을 더 평가하시는 느낌이 들었습니다. 프로젝트에 관련돼서 굉장히 상세한 질문이 들어왔 습니다."" 합격 보통 도움이 돼요 0",함수
"JSON, XML사용해봤는지. node.js 서버는 뭐썼는지? JSP WAS는 뭐썼는지. 비동기 ajax를 사용할 때 주의할점 팀 프로젝트시, 갈등이 있었는지, 있었다면 어떻게 해결했는지 팀장을 했다고 했는데, 어떻게 선발한건지 팀장으로서 어떤 역할을 했는지 3대1 면접으로 편안한분위기로 진행되었음",JSON
"자기소개해보세요 자소서 기반으로 잔행했던 프로젝트에 나온 기술, 용어 설명해보세요 관심분야에 최근 이슈에 대해 설명해보세요 팀을 이끌어서 프로젝트한 경험있나요 각각 질문에서 평균 2개씩 꼬리질문있었습니다. 채용방식 인/적성검사, PT면접, 그룹면접 발표시기 16일 후 ""기본적으로 약간은 무관심해보이는 반응이셨고, 면접실에 pt면접 종이를 가지고 가서 자기소개후 답안을 말씀드리고 바로 이어서 실무면접을 시작했습니다. 실무면 접관 3분과 지원자 2명이 한 조였습니다. 편하게 해주시려고 노력하셔서 분위기는 좋았지만 기술적인 질문에 제대로 답을 하 지 못하면 조금 싸해집니다... 관심분야 기술 공부 더 하고 가야겠습니다!"" 대기중 보통 라이언앤코(주) [경력] Java Web 개발자 모집 [주4일 출 근제 도입] 3 ~ 5년, java, Spring, aws, jquery, MYSQL, DB, was, 파…  (주)자비스앤빌런즈 [대규모 채용] Backend Engineer 3 ~ 20년, java, Spring 합격보상 100만원  (주)액션파 Back-e 4 ~ 15년, 합 액 3000억원 이상 (주)우아한청년들 포지션 0개 채용 중 2 엘티삼보(주) 1 기업 랭킹 채용 뉴스 연봉 이직 뽐뿌 오는 날 5분 완성, 1년 간 기업정보가 무료!    제휴 대학 서비스  신고하기 도움이 돼요 0",평균
"MSA에 대해 설명하고 경험에 대해 설명하시오. 분산처리 경험이 있는지 물어봄 채용방식 PT면접 발표시기 30일 후 ""실제로 일하는 사람이 없고 일처리가 늦음. 자신의 생각을 가지고 있어도 위에서 시키면 시키는 대로 해야함. 자신의 생각을 말하기가 쉽지 않음."" 대기중 긍정적 도움이 돼요 0",분산
네트워크 업무와 관련된 경험이 있는지 물었고 본인의 업무적합성을 물었습니다.,적합
"닮고 싶은 친구가 있다면 그 친구의 어떤점이 닮고 싶은가? 원하는 직무를 하지 못하게 될 시에는 어떻게 할 것인가? 채용방식 인/적성검사, 그룹면접, 토론면접 ""서류 인적성 통과 후 1차 면접: 직무 면접 및 그룹 토론 면접 1-1) 직무 면접: 실무진분들로 부터 직무 관련 경험이나 전공 관련한 질문들 위주의 면접을 진행합니다. SW개발직무로 지원했으나 실제 코딩과 관련된 것 보다도 프로 젝트나 인턴 경험 위주로 진행됐습니다. 아무래도 실제 개발을 하는 부서로 보낼 생 각이 없었나봅니다. 1-2) 그룹토론면접 문제 상황에 대한 해결 방안으로 세가지 선택안이 주어지며, 그 중 하나를 골라 다른 안을 선택한 면접자들과 토론을 하는 방식입니다. 척 봐도 하나의 안이 가장 이상적 으로 보이지만, 그 안을 선택하지 않고도 주장과 근거를 잘 제시하는 것이 중요했던 것 같습니다. 자신이 선택한 안이 채택되는 것과 합격여부는 무관합니다. 2차 면접: 인성면접(실무 부문 임원) + HR면접(인사) 2-1) 인성면접 : 1차의 직무 면접과 유사하게 진행되나, 좀 더 인성 위주의 면접이 진행됩니다. 예를 들면 취미라던가, 가장 실패한 경험 그런 것들입니다. 2-2) HR면접 : 인사팀에서 마지막 점찍기를 하는 과정입니다. 6~8명이 들어가는 데, 평균 두번정도 질문 받습니다. 질문의 유형은 여러가지입니다. 자신을 사물에 빗 댄다면? 자신의 성격에 부족한 점이 있다면? 등 입니다."" BEST (주)트레드링스 Back-end 개발 상시 채용 경력무관, java, Spring, SQL, java spring 백엔드  (주)피매치 백엔드 엔지니어 (채용전환형 인턴) 경력무관, python, SQL, azure, PostgreSQL, rest api, 시… 합격보상 100만원  111퍼센트 [111퍼 경력무관, U 합 액 3000억원 이상 오진상사(주) 포지션 10개 채용 중 2 엘티삼보(주) 1 기업 랭킹 채용 뉴스 연봉 이직 뽐뿌 오는 날 5분 완성, 1년 간 기업정보가 무료!    제휴 대학 서비스",평균
1분 자기소개 개인정보보호법에 대해 아는대로 말씀해주세요. 개인정보 라이프 사이클에 대해 말씀해주세요.,개인정보보호법
실행파일의 entry point에 대해 설명. 구현한 암호알고리즘을 설명.,int
기술면접: unordered_map 이 어떻게 구성되어있는지? 임원면접: 여기말고 지원한 회사가 어디어디인지? 지원동기?,map
"1차 실무면접은 기술한 경력을 기반으로 무난하게 진행되지만 2차 임원 면접에서 가장 소중한 것은 무 엇인가, 합격 이후 재직 과정에서 회사와 맞지 않는다는 생각이 들면 어떻게 하겠는가, 본인이 회사에 적합한 인재상인가 등에 대한 질문이 오히려 답하기 어려웠습니다.",적합
"지원동기, 최근 보안 이슈(APT등),개인정보보호법등 보안관련법률",개인정보보호법
- 자료구조 리스트에 대해 아는 것 - 수강했던 전공 수업 중 힘들었던 것 - 하고 싶은 말,리스트
1. (다른지원자에게 자소서에 써있는 항목보고) 취약점 분석리포트에 있는 내용 물음 2. 파이썬 버전 질문 3. 7계층 자신있게안다고 하는 지원자에게 물어봄,파이썬
기술면접은 자기소개서 위주의 해왔던 것들에 대한 질문 인성면접도 마찬가지로 자기소개서 위주의 질문 + 기업에 적합한 인재인지,적합
"경력 사항 팩트 체크 자료구조 관련 질문 , 리스트 코드 구현 최근 공부하고 있는 기술",리스트
"1차 면접때 1분자기소개는 안해서 좋았음, 2차 면접때는 1분 자기소개 시킴 안랩 제품 뭐가 있는지, 특징, 특성, 여태까지 한 프로젝트 경험 AI, 클라우드, 블록체인, 머신러닝 등 한가지 선택해서 서술 및 꼬리질문",머신러닝
SQL Injection을 할머니에게 설명한다면 어떻게 설명하시겠습니까? 가장 감명깊게 읽은 책과 그 저자를 이야기해 보시오. 안랩의 A자형 인재에 대해 말해보고 자신이 A자형 인재에 적합한지 말해보시오.,적합
경력직이다보니 현재까지 진행했던 프로젝트 중 가장 인상깊었던 2가지에 대해 설명하고 그 이유에 대 한 설명. Java 8에 대한 기초적인 설명 및 해당 API를 언제 사용해야하는지에 대한 질문,API
"컴퓨터 관련 학과 졸업생이라면 어느정도 예상 할 수 있는 질문이 나옵니다. 키워드는 순수 가상함수, 해시 알고리즘, 인덱싱, 저장 프로시저 등에 대해서 물어보십니다. 또한 작성된 이력서를 토대로 확인을 하시기도 합니다.",함수
"X86 환경 개발경험, 문제발생 시 해결방식, 스위치패브릭 지식, 커널 지식 (시스템콜, 크리티컬 세션 등), 기타 (DPDK, GNU C API 등)",API
"리스트구조와, 해시테이블에 대해 각각 설명해주세요. 각 장단점 위주",리스트
"기술보다는 인성면접이 어렵다고 생각됩니다. 기술질문에 비해 질문의 범위가 넓고, 포괄적인 질문들 이 많고 평소 가진 생각들을 물어보시기에 스스로에 대한 정리가 필요하다고 생각됩니다. 특히 어려웠 던 질문은 ""왜 이 직군을 선택하였는가"" 였습니다.",범위
1분 자기소개 인터페이스의 정의 버블 차트 코딩 등등,버블 차트
2차 인성면접 공통질문 해당 직무를 수행하기 위해 본인이 노력한 사항 남들이 인정하는 자신의 장점에 대하여 이야기 자신의 단점을 한 단어로 표현한다면? 해당 직무를 수행하기 위해 가장 중요하다고 생각하는 것 개별질문 면접 30분전 작성한 설문지 리스트 위주의 질문 ex) 설문지에 자기통제라는 단어가 많은데 왜그런가요?,리스트
"1차 면접 : 실무 면접이라서 처음 오면 전지랑 코딩 문제 2개 주고 문제 2개 중 하나 고르라고 해서 전지 에 손코딩함. 언어는 자유, 경로탐색 문제 하나랑, String to Int, Int to String 함수 2개 작성하는 문제 하나 해서 2개 중에 하나 선택하는 거였음. 15분 간 손코딩하고 면접관님들 앞에서 자기소개 후 코드 발표, 발표 후 코드 관련해서 질문 받음. 직무 지원한 이유나 관심있던 과목, 자소서 내용 위주로 질문 받 았던 것 같음. 2차 면접 (임원) : 부사장님, CFO님, CTO님, 인사팀장님 이렇게 들어오신 듯 2차 면접 전에 작성한 간단 한 인성 설문 조사 결과로 질문 받았던 것 같고, CTO님께는 Docker 써봤냐, 유비쿼터스랑 IoT 차이는 뭐냐 이런 질문 받았었음.",함수
자소서 위주 질문 보안트렌드(빅데이터에 대해서 물어봤음) 퇴사이유 언어 사용가능한 보안장비,빅데이터
"문제를 푼 후에 잠시 대기했다가 면접장소로 가면 벽에 문제가 붙어있고, 일어나서 그 문제 풀이 방식을 설명하면서 시작합니다. 질문은 보통 자기소개서, 포트폴리오 위주였고 그 안에서 다룬 기술들에 대한 큰 틀에서의 질문이었습 니다. 예를 들면 Spring framework를 사용해서 개발했는데 사용했을때의 장점이 무엇이었냐, 자료구조와 알고리즘 과목을 수강했는데 ~~ 알고리즘이 무엇인지 아느냐에 대한 질문이 있었습니다. 세세한 질문보다는 큰 범위의 질문을 주로 했습니다.",범위
"1.보안3대요소 2.osi7계층 3.인젝션 4.전직장업무 5.가치관 6.신기술관심도 7.지원동기 8.경력기술서기반 9.빅데이터 채용방식 인/적성검사, 개인면접 발표시기 30일 후 ""1차 기술 2차 인성면접으로 진행되며 일대 다 방식으로 진행했습니다."" 합격 긍정적 도움이 돼요 0",빅데이터
"OSI 7계층설명 빅데이터 , IOT설명 ""1차면접 네트웤 ,신기술 질문 많이함"" 불합격 보통 주)안랩 사의 빠른 소식을 받아보세요! 2 엘티삼보(주) 1 기업 랭킹 채용 뉴스 연봉 이직 뽐뿌 오는 날 5분 완성, 1년 간 기업정보가 무료!    제휴 대학 서비스  102 103 104 105 106 온라인 지원 신고하기 도움이 돼요 0",빅데이터
전공 지식에 대해 자세히 묻지는 않으나 광범위하게 묻기 때문에 개념위주로 다양하게 알아 갈 것,범위
전공기초지식을 물었습니다. 보안부분으로 주로물었었는데 그 부분을 제대로 대답못했던것이 불합격요인같습니다. owasp인가. 이부분이 기억에 남습니다.,요인
"포트폴리오에서 설명한 프로젝트에 대해 설명해주세요. 가상메모리가 무엇인지 설명해보세요. 프로세스와 스레드의 차이점과 특징을 설명해보세요. 프로세스간 통신에 대해서 설명하고 작동원리를 설명해보세요. 3-hand-shaking에 대해 설명해보세요. 네트워크 플래그에 대해 설명해보세요. select에 대해서 설명하고 어떻게 동작한다고 생각하세요? 기억나는 오픈소스는 무엇이었나요? 리눅스에서 부팅과정에 대해서 아는데로 최대한 상세히 설명해보세요. 마지막으로, 좋은 소프트웨어는 무엇이라고 생각하세요?",오픈소스
본인이 생각하기에는 누가제일 이 회사에 적합한가요? 동기 또는 면접장에 있는 사람들중,적합
"네트워크 통신 과정 설명. 스택과 링크드 리스트 설명 해저드 등등. 발표시기 14일 후 ""면접 1시간 전에, 알고리즘 문제를 풀고 면접에 들어갑니다. 그리고 이 문제에 관해 서 마지막에 발표를 합니다. 다대다 면접이었고, 성적증명서를 바탕으로 전공 지식관련 질문을 합니다. 그리고 서류에 기술한 프로젝트 기반으로도 질문 많이 합니다. (이 부분을 중점으로 보는 것 같았습니다.)"" 불합격 긍정적 도움이 돼요 0",리스트
"자사 홈페이지에서 지원서를 작성하였고 서류전형에 통과하여 1차 면접을 보게됨. 면접관 3명과 지원자 3명이 들어가 1차 면접을 봄. 링크드 리스트와 배열의 차이 및 장단점. 특정 상황을 주고 어느 것이 더 유리한가 등의 질문. 그 후 각자 자신이 했던 프로젝트의 대한 설명을 요구한 뒤 그 내용을 바탕으로 심화 질문을 함. 보안, 해킹에 관련된 일반적인 질문을 뒤 마지막으로 안랩에 제품에 무엇이 있는지 물어봄. 주)안랩 사의 빠른 소식을 받아보세요! 2 엘티삼보(주) 1 기업 랭킹 채용 뉴스 연봉 이직 뽐뿌 오는 날 5분 완성, 1년 간 기업정보가 무료!    제휴 대학 서비스  회사소개 이용약관 개인정보처리방침 커뮤니티가이드라인 모바일 버전 공지사항 광고 및 제휴문의 고객 문의 FAQ | | | | | | | | (주)브레인커머스 151 152 153 154 155","리스트, 배열"
"Stl벡터와 리스트 ""개발면접 다대다 자기소개 it트렌드 스택 큐 자료구조 등등 마지막 어필 면접비 줌"" 불합격 정보없음 도움이 돼요 0","벡터, 리스트"
하등 이해할 수 없는 질문들을 함 에디터는 왜 vim을 쓰는가? 파이썬 실력 상중하로 보았을 때 본인은 어느정도 인거 같냐,파이썬
"기본적인 자바스크립트에 대한 개념 질문, 오픈소스프레임워크 사용여부 및 db에 관련된 질문이 다수, 하나의 질문에서 계속해서 질문이 이어짐",오픈소스
프로젝트에서 사용한 오픈소스들에 대해서 내부적으로 어떻게 돌아가고 있는지 알고 있어야하고 대략 적인 개념보다는 더 깊게 알고 있어야 대답이 가능한 질문들을 받았습니다.,오픈소스
해시 맵 vs 트리 맵 차이는? Java List vs Stream 차이는? HDFS는 CAP theorem으로 보면 어떠한 구조인가?,트리 맵
CS기초 질문을 많이 받았습니다. 질문자체는 공개하면 안될꺼같아서 범위만 남겨둡니다. 그리고 본인 이력에대해서 많이 질문을 하고 꼬리질문이 많이 들어옵니다. 특히 모르는것은 빠르게 모 른다고 하는것이 좋습니다.,범위
경력에 대하여 구체적으로 물어봄 딥러닝 분야 질문 각 프로젝트 과제에 본인이 참여율 물어봄,딥러닝
포트폴리오에 쓰여있는 기술들 위주로 질문함. 프로젝트에 쓰였던 라이브러리도 어떻게 동작하는지 라이브러리에 대해 더 공부해보면서 썻는지도 물 어봄. http통신물어보고 학교에서좋아했던과목도 물어봄 등등,라이브러리
"이걸 알면 어머 이거 아시네, 그럼 이건 아세요? 라는 식으로 계속 이어진다고 했는데, 그렇게 이어지진 않았음. 그 중 가장 어려웠던 문제들은 기본지식이 아닌 생각해야 하는 문제들이였습니다. 좋은 API가 뭐라고 생각하시나요? 라던가.. 서버를 잘 만드려면 어떻게 해야할까요? Credential 에 대한 질문도 들어왔고, 해당 패킷을 암호화해야하지 않냐? 이런 질문도 들어왔었는데 당황스러웠습니다. 나머지는 굉장히 기본적인거였는데, 제가 몰랐던 것.. ex) www.naver.com 을 브라우저로 연결했을 때, 일어나는 일.",API
"지원동기, 자기소개, 직무적합성 판단",적합
"코딩테스트는 알고리듬 문제가 나왔는데 난이도는 기본 알고리듬 문제 수준이었습니다. 각 문제마다 코드에 comment로 설명을 쓰고 시간복잡도를 써야 했습니다. 필기시험은 사용했던 테크 경험에 관한 질문, 이론에 관한 문제, Java 문제, 코드 작성 문제 등이 있었습 니다. 전반적으로 정보처리기사 정도 수준 문제와 프로그래머라면 당연히 알아야 할 지식들이었습니 다. 1차면접은 다양한 질문들이 나왔는데 지금까지 제가 사용했던 테크스택에 관한 질문과 이전 직장들에 서 했던 업무에 대한 질문이 대부분이었습니다. Kafka 등 오픈소스 프로젝트에 대한 질문들도 있었습 니다.",오픈소스
"자소서에 쓴 내용을 기반으로 직무에 관련된 질문이 많고 전공 과목에 대한 질문으로는 알고리즘 경우 에는 주어진 문자열을 담은 벡터에서 한 번 등장하는 문자열, 여러 번 등장하는 문자열을 구분하는 소스 코드 작성 문제가 있었습니다. 자료구조 경우에는 퀵소트와 머지소트의 알고리즘 설명, 운영체제 경우 에는 스케줄링 알고리즘에 대해서 구체적인 설명, 네트워크 경우는 TCP와 UDP 차이점 설명, 웹 경우에 는 GET과 POST 방식의 차이점과 각각 어떤 경우에 사용하는 것이 적당한지 질문이 있었습니다.",벡터
일단 면접 관들의 취지는 뭔지 알겠으나 기본적으로 기본적으로 내 경력과 스터디 내역에 전혀 관심이 없음 경력이나 포부에 대한 질문이 전혀 없는 것은 니 경력엔 관심이 없다 우린 실력만 보겠다라는 당찬 포부로 이해해볼수 있겠으나 애초에 내가 주로 개발하고 R&D했거나 알고 있는 범위 내에서 물어봐야 하는데 면접관 세명이 각자 자신있는 분야에 대한 질문을 하는 것 같음 한명은 네크워크 쪽 암호화쪽 질문만 계속해대고 한명은 계속 모바일쪽 네이티브 개발과 응용프로그램 개발 쪽만 물어보다보니 계속 내가 경험한쪽과 정반대의 질문들만 이어짐 결론은 내가 메신저 개발팀에 지원한건가 착각이 들 정도로 응용프로그램 개발 분야와 네트워킹 관련 지식에 대한 질문이 주를 이루었고 정작 게임 개발 실무 테크닉 관련 질문은 거의 못받음,범위
"컴퓨터에서 화면을 캡처했을때 이미지의 사이즈, REST api 관련 질문, osi 7 layer 관련 질문 나왔어요",REST
"NoSQL 과 RDBMS의 차이 Tcp/ip 의 순서 OSI 7layer 등 채용방식 개인면접 발표시기 4일 후 ""인턴 면접 프로젝트 사항이 몇개 있었는데 그 부분에 대한 질문이 주로 이루어짐. 화이트보드를 이용한 손코딩 면접 그리고 네트워크 데이터베이스 등 기본적인 전공 지식에 대한 내용으로 면접이 진 행됨"" 불합격 긍정적 도움이 돼요 0",NoSQL
"프로세스, 스레드의 차이, TDD, 안드로이드, 디자인 패턴, 3G와 LTE 이동통신 등 매우 넓은 범위에서 물 어봅니다.",범위
"공부하고자 하는 분야(머신러닝, 딥러닝) 과 라인 사업 연관성에 관해서 물어본것.","머신러닝, 딥러닝"
"개인적인 질문들에 대해 깊히 물어보셔서 당황했던 기억이 있습니다. 프로그래밍 질문중에는 1~1000 까지 숫자가 무작위로 10000 개가 있는데 이에대한 평균값 가운데값(줄새웠을때 가운데) 을 알아내는 알고리즘을 설계하라는 방법이었습니다. 여러 해결책을 재시하면서 해결책들을 발전시켜나가는 그런 종류의 문제들이였습니다.(구글방식인것 ""2014 공개채용에 지원했었습니다. 네이버와는 다르게 전화면접은 진행하지 않았고 서류 통과후 필기시험 필기시험후 1차면접 다른날 인성 2차면접 방식으로 진행했습니다. 필기시험에서는 약간 생각해볼만한 여러문제들 알고리즘 문제라기 보다는 CS전반 을 이해하고 있는지에 대한 문제들이 출제 되었습니다. 1차 면접에서는 자소서 위주로 전반적인 질문과 여러 프로그래밍 질문들을 하였습 니다. 2차 면접에도 인사과분이 들어오시긴했지만 거의 프로그래밍 관련 문제였고 약간 의 인성 문제가 있었습니다. 필기시험후에 간단한 필기구를 선물로 주었고 실기시험후에도 선물을 주어서 매우 좋았습니다. 면접관분들이 편하게 분위기를 이끌어 주셔서 너무 좋았고 생각들을 편히 이어갈수 있게 만들어 주셔서 좋았습니다."" BEST 리디(주) 백엔드 소프트웨어 엔지니어 7 ~ 12년, MYSQL, node.js, go, typescript 합격보상 100만원  (주)쏘카 Backend Developer 3 ~ 8년, Javascript 합격보상 100만원  라이언앤 [경력] J 근제 도 3 ~ 5년, ja 액 3000억원 이상 한화비전(주) 포지션 22개 채용 중 2 (주)오픈노트 New 기업 랭킹 채용 뉴스 연봉 이직 뽐뿌 오는 날 5분 완성, 1년 간 기업정보가 무료!    제휴 대학 서비스",평균값
"1. 자기소개, 2. react-query의 장단점, 3. 상태관리라이브러리는 왜 그걸 선택했나",라이브러리
"1. C나 java가 python에 비해 뒤떨어지는 추세인데, 그럼에도 불구하고 C언어를 주로 사용한 이유는? 2. 지방 근무나 외근 잦은 것 괜찮은지? 3. 프로젝트 관련. 사용 라이브러리, 템플릿, 프레임워크 등등..",라이브러리
"semaphore 가 뭐냐, 전공 수업 들은것 중 흥미있엇던 것, 카이스트 학생들과 같은 엘리트가 많은 회사인데 당신이 나온 대학교가 좋은 학교라고 생각하나 ?",map
"인라인 함수에 대해서, 객체지향 언어 C++의 특징에 대해서 채용방식 개인면접 대기중 긍정적 도움이 돼요 0",함수
"시스템 소프트웨어에 대한 경험, 회사에 지원하게 된 이유, 자신이 보유한 언어 지식에 대한 기본적인 질문(예를 들어 인라인 함수를 정의해 보라) 정도를 함. ""서류 제출 후 인사팀에서 연락을 받아 회장님과 일대일 면접을 하였음, 학벌과 학점 을 중요시 하는 분위기, 하지만 미래에 대한 가능성도 많이 보는것 같음"" 합격 긍정적 도움이 돼요 0",함수
"1. 드론에 3d카메라를 부착하는 기술이 이미 있습니다. 당시 알고 계셨는지? 2. 머신러닝은 어떤 솔루션을 사용했고, 적용할 당시의 자세한 설명을 듣고 싶다. 3. 안드로이드 개발은 어떠한 계기로 시작하게 되었는지?",머신러닝
"전에 다녓던 회사 사업아이템 문제. 디지털트윈.딥러닝관련 발표시기 30일 후 ""인성(임원) 역량(실무) 토론면접을 하루에 보고 탑싯까지봄"" 합격 보통 도움이 돼요 0",딥러닝
1. 영화 역린을 봤나(상영중일때)? 본인의 역린에 대해 말해봐라 2. 빅데이터의 활용 방안과 사업성에 대해 말해봐라 3. 물리보안과 논리 보안 중 어디에 중점을 둬야하는지 말해봐라,빅데이터
"1. 프로젝트 내 수행 역할은? 2. 오픈소스 사용해본 경험은? 3. 해보고싶은 프로젝트는? 발표시기 30일 후 ""기술면접은 직접 코딩했던 프로젝트에관한 기술적인 내용의 질문이 많았고 인성면 접은 무난했습니다"" 합격 긍정적 도움이 돼요 0",오픈소스
"IT 역량평가는 TOPCIT 문제를 두시간 반동안 보는건데 공부를 하려면 너무 많은 시간을 투자해야하기때문에 어떤형식으로 나오는지만 알아가면 좋습니다. 탑싯홈페이지에 있는 예제 가 몇문제 나오긴했습니다. 토론면접은 두가지 주제중 하나를 택하라고 하는데 인공지능에 관한 사회적 이슈를 서로 토론하여 결 과를 도출하는 면접이었습니다. 면접관들의 개입없이 치뤄집니다. 임원면접은 10년후에 주변사람들에게 어떤 사람으로 인식되고 싶나, 돈과 하고싶은일 중에 어떤것을 선택할지, 배우자 부모님 자식 세명이 물에 빠졌을 때 누구를 먼저구할것인가 를 물어보았습니다. 역량면접은 자기소개서 내용, 본인이 알고있는 보안제품, IDS IPS차이점, 프로젝트에서 무엇을 맡았는 지 그리고 마지막으로 할말 등을 물어보았습니다.",인공지능
"빅데이터에 대한 답. 대학교 프로젝트들 나열. 회사 복지, 교육에 대한 문의 채용방식 기타 발표시기 30일 후 ""역량면접은 프로젝트 경험 위주 나열, 중간에 1개정도 파고드는 질문 있었음. 임원 면접때 최근읽은 기사, 회사에 하고싶은 질문 물어봤음. 무난"" 대기중 보통 도움이 돼요 0",빅데이터
"토론면접 : 빅데이터에 관한 찬반 토론 기술면접 : 대학교 프로젝트 경험, 대외활동, 동아리활동 임원면접 : 자기소개서 위주의 면접, 인성 중심",빅데이터
임원면접에는 외워온 자기소개가 아닌 사례를 들어서 자신을 표현해보라고 했습니다. 그것을 토대로 계속 꼬리물기식 질문이 나옵니다. 역량면접은 면접관2 지원자1 형식으로 40분동안 질문을 굉장히 광범위하게 많이 합니다. 인성면접+역 량면접이라고도 볼 수 있습니다. 토론면접은 6명이서 한조로 편성되어 어떠한 자료를 보고 그것에 대한 대안을 제시하는 것을 목적으로 토론을 합니다.,범위
그룹 면접 주제는 모바일 or 빅데이터 중 택 1. 전반적 질문은 평이 발표시기 14일 후 불합격 부정적 도움이 돼요 0,빅데이터
"역량면접: 자소서 항목에 대한 것을 물어보고 좀 더 자세히 물어봅니다. 토론면접: 사업 방향에 대한 토의를 진행하고 저희 팀은 모바일/빅데이터 주제가 주어졌고 그 중에서 모바일을 골라서 진행했습니다. 인성면접: 자기소개, 자기소개 기반 질문 2가지, 나의 장단점, 프로젝트에서 중요하다고 생각하는 것",빅데이터
"자소서 기반의 질문이 주를 이루나 면접관에 따라 판이하게 다름. 롯데정보통신 면접리스트 질문을 내 는 사람도 있는가하면 나같은 경우는 일반적인 자소서 위주가 주를 이루며 자소서의 참거짓에 대한 질 문이 주를 이룸 채용방식 인/적성검사, 개인면접 발표시기 14일 후 ""롯데는 면접 및 인적성을 동시에 본다. 45분정도 이루어지며 개인에 따라 35분에서 60분까지 다양함"" 불합격 긍정적 도움이 돼요 0",리스트
"면접시 자기소개후 채용분야에 적합한일을한것이있는지 물음. ""면접날짜잡고 구로본사에서 면접진행. 면접시 자기소개후 채용분야에 적합한일을한것이있는지 물음."" 대기중 보통 도움이 돼요 0",적합
"다대다 임원면접 시에 임원 한분이 빅데이터 처리기술에 대해서 물어봤습니다. 어느 정도의 자세한 답변을 기대한 것인지는 잘 모르겠지만 그쪽 분야의 지식이 매우 부족하여 기본적인 개념밖에 답하지 못했는데 만족스러워하진 않았습니다. 채용방식 인/적성검사, 토론면접, 개인면접 ""롯데그룹의 채용 심사과정은 모두 하루 안에 끝납니다. 체력관리도 꽤 중 요하다고 할 수 있죠. 두 그룹으로 나누어 직무적성검사를 오전에 하는 팀은 면접을 오후에 보게 됩니다. 다른 그룹은 그 반대구요. 면접은 4명이 한 팀이 되어 토론면접, 임원 세분과의 다대다 면접, 실무자 두분과 개 인으로의 이대일 면접이 있습니다."" BEST 불합격 보통 도움이 돼요 0",빅데이터
"임원면접이 다대다 로 이루어졌는데 빅데이터 처리기술에 대한 방안 같은 기술적 측면을 물어본 것이 가장 어려웠어요~ ""롯데는 적성검사, 면접 등의 모든 심사 과정이 하루에 다 이루어지더라구요~ 체력적으로도 꽤나 소모하는게 커요; 두팀으로 나눠서 한팀은 적성검사를 먼저 하고 한팀은 면접을 먼저 하는데 저는 면접을 먼저 한 팀이었어요. 4인이 한 조가 되어 임원진과의 다대다 면접 및 토론 면접을 진행하구요, 실무면접은 혼자 들어가서 두명의 실무진과 진행했습니다~"" 불합격 정보없음 도움이 돼요 0",빅데이터
REST 를 정확히 알고 있는지 Spring Boot와 Spring의 차이를 알고 있는지 팀 프로젝트 수행한 경험,REST
"사례를 기반으로 사고시 조사방법에 대한 질문, 오픈소스기반의 인프라 환경 점검 가능 여부, 소스코드 점검등에 대한 질문",오픈소스
레고면접에서는 만들어야할 구조물에 대한 다양한 조건을 줍니다. 레고를 만들기 시작하면 팀원간의 소통을 관찰하는것 같고 중간 중간 어떤 색 블록은 사용하면 안된다는 둥 여러 조건이 변경됩니다.,블록
"핫블록에대해 설명하시오 해당현상이 발생시 대처방법을 설명하시오 채용방식 그룹면접 발표시기 15일 후 ""남녀차별없이 실력으로 우대해주는 면접을보았습니다. 단체면접이었고 기본스킬들 장애상황 경험등에 대해 질의하였습니다."" 합격 긍정적 도움이 돼요 0",블록
"빅데이터에관련된 개별PT를 진행했었고, 토론면접 당시 이슈였던 사안에대해 토론하는식이였습니다.",빅데이터
"프로젝트 범위/금액 , 수행 기간 및 역할 주요 모듈 채용방식 인/적성검사, 케이스 면접 발표시기 30일 후 ""실무 위주의 면접이였고, 프로젝트 내용 및 역활등을 상세하게 질의하였음."" 합격 긍정적 도움이 돼요 0",범위
"1. 자기 소개해봐라. 2. 학과에서 전공과 관련된 어떤 경험을 쌓았나? 3. 앞으로 우리회사에 접목시켜야할 기술은? 4. 클라우드, 빅데이터에 대해 설명해볼것",빅데이터
오픈소스 관련한 질문들 지원한 직무에 다한 질문들 자기소개 이력서에 궁금한 사항들,오픈소스
데이터마이그레이션 오픈소스 개인프로젝트경험 프레임워크 개발툴사용등 질문,오픈소스
1.이 주제를 선택하는 사람이 별로 없는데 왜 이 주제를 선택해서 발표했나? 2.프레임워크와 라이브러리 차이점,라이브러리
"개별 발표 주제는 IT 기본 주제로 오픈소스, 빅데이터, 클라우드 등이며 회사와 접목시킬 수 있는 사업 ITEM에 대해 질의","오픈소스, 빅데이터"
"써봤던 오픈소스는? 써봤던 프레임 워크는? 스프링에 대해서 상세하게 질문 채용방식 스킬테스트, 개인면접 ""실무자 면접을 보고 임원진 면접을 따로봄 자기가 했던일에대해서 자세히아는지 파악을 하고 최신 트렌드인 오픈소스들에 대 하여 경험이 얼마나 되는지파악함"" 합격 긍정적 도움이 돼요 0",오픈소스
"신입사원으로서 회사에 와서 가장 걱정되는것 채용방식 인/적성검사, PT면접, 개인면접 발표시기 15일 후 ""일차는 주어진 주제에 관하여 피티 후 개인면접 그 후에 팀별로 블록쌓기"" 불합격 긍정적 도움이 돼요 0",블록
"빅데이터 시대에 선행되어야 할것은? 이걸 영어로 답해보세요. 채용방식 인/적성검사, PT면접, 그룹면접 발표시기 7일 후 ""1차 - pt면접, 그룹면접 2차 - 임원면접"" 합격 긍정적 도움이 돼요 0",빅데이터
"기술면접은 오픈소스 사용하고 있는 것, spring framework 에 대한 질문을 했습니다. 평이하게 대답 했습니다. 임원면접은 자소서 위주로 물어봤습니다. ""그룹 온라인으로 지원 했습니다. kt ds 사옥 3층에서 기술면접을 후 2틀뒤 임원 면접을 했습니다."" 합격 정보없음 도움이 돼요 2",오픈소스
"자기소개해봐라 니가 여기와서 할수있는게 무엇이냐? ""인턴면접이였습니다. 서류-인적성-면접 pt면접, 인성면접, 기술면접? 3:1 한번에봤습니다 그룹면접 블록쌓기 6명이 1조로 보았습니다"" 불합격 정보없음 도움이 돼요 0",블록
"1차 면접 - (자소서에 있는)00 프로젝트를 설명해주세요. 2차 면접 - 나이가 평균보다 많은데 회사에 잘 적응 할 수 있나?, (알바 관련 도중) 알바 뭐했어요?궁금 해서.., 개발보다 경영을 더 잘할 것 같은데 영업해볼 생각은 없어요?",평균
그냥 기본적인질문들하였음 기획할때 제일중요하다고 생각되는요인말해보라하고 시나리오하나주고 어떤식으로 계획하겠냐고 물어봄,요인
"헤드헌팅 회사를 통해 면접 제의가 와서 보게되었습니다. 보안관제 면접을 보러간 건지 학원 커리큘럼 검사 받으러 갔던 건지 알 수 없던 면접이였습니다. 일반적인 해 킹 기법질문이나 네트웍 질문이 나올줄았았는데 vlookup함수에 대해 질문하고 그 이후 하나하나 학원 수강과목에 대해 완벽히 아냐고 질문을 던져주셨습니다. 또한 면접관이 이력서에 기재된 보유기술에 대한 이해도가 낮았습니다. java의 기초문법 을 배운 것을 기재했더니 웹제작 경험이 있냐고 물어서 없다 했더니 당연히 할 줄 알 아야 한다고 합니다. 학원 수강 과목을 완벽히 할 줄 아냐는 질문만으로 실력을 평가하고 면접관조차 기 재한 내용을 이해못해 너무 괴상한 면접이였습니다. 결과발표는 일주일내로 준다하 고 안줍니다 코나아이에서 MONA서비스 만드는 개발자 로 성장하다 디지털ID개발 1그룹 박현준 / 차민광 매니저 고객 삶 속에 스며드는 가스AMI서비스를 만 들다 디지털ID 5팀 윤재현 매니저 나아이(주) 사의 빠른 소식을 받아보세요! 2 코이즈(주) - 기업 랭킹 채용 뉴스 연봉 이직 뽐뿌 오는 날 5분 완성, 1년 간 기업정보가 무료!    제휴 대학 서비스",함수
"면접관을 분석해 보세요, 당사에서 어떤 사람이 되고 싶으신가요?, 클라우드 빅데이터 IoT 중 가장 중요 한 기술이 무엇이라 생각하나요",빅데이터
"수행 프로젝트에 대한 구체적인 설명, 서울 및 지방 근무 가능 여부, 머신러닝 관련 기술",머신러닝
"실무진 면접의 경우 3:3으로 진행 자기소개서에 적은 프로젝트들에 대해서 간단히 물어봄, 면접관따라 서 질문 범위가 다양하다고 함 그렇게 어려운 질문을 하지는 않고 그냥 자소서에 적은 내용과 관련 된 키워드들을 알고 있는지? 정도.. 최근 회사가 msa에 관심이 있는 지 MSA 관련해서 알고있는지 물어봄 임원진 면접의 경우 인턴기간 동안 수행한 프로젝트에 대해 발표하고, 정말 인성면접 다운 질문을 몇가 지 받음",범위
예상질문 범위 내에서 질문들이 나와서 큰 어려움 없이 답변했습니다. 비슷한 직렬끼리 면접을 보는 데 비슷한 학과의 다른 지원자에 비해 특별한 강점이 무엇이냐는 질문이 가장 중요한 질문이었던 것 같습니다.,범위
1분 자기소개 가장 인상깊었던 프로젝트 본인이 써본 Open API 중 가장 추천하고 싶은 것 프로그래밍 언어 중 가장 잘하는 것 졸업 이후에 무엇을 했는가,API
"오픈소스 소프트웨어의 소스를 분석해 본 적이 있냐라는 질문이 있었습니다 ""서류 통과 후 1차 면접까지 2주 정도 소요 된 것 같습니다. 1차에선 기술 위주 면접 2차에선 임원분과 IT 전반적인 내용에 대해 진행되었습니다"" 액 3000억원 이상 대원씨티에스(주) 포지션 0개 채용 중 2 코이즈(주) - 기업 랭킹 채용 뉴스 연봉 이직 뽐뿌 오는 날 5분 완성, 1년 간 기업정보가 무료!    제휴 대학 서비스  회사소개 이용약관 개인정보처리방침 커뮤니티가이드라인 모바일 버전 공지사항 광고 및 제휴문의 고객 문의 FAQ | | | | | | | | (주)브레인커머스 66 67 68 69 70 2017/10 면접경로 공개채용",오픈소스
지난 회사를 그만둔 이유 힘들었던 시간 ? 빅데이터에 대한 내용 프로젝트 관련 내용,빅데이터
"spring framwork관련질문이였습니다. 구조와 라이브러리 질문 채용방식 필기시험, 인/적성검사, 개인면접 발표시기 30일 후 ""기술중심의 질문이였고 수행했던 프로젝트위주로 질문하였습니다. 그프로젝트에 서 무슨역할을 하였는지 물어봅니다."" 합격 보통 도움이 돼요 0",라이브러리
소프트웨어 공학이란? 어플리케이션의 순환주기 앱과 어플리케이션 차이 배운 과목들은? 졸업작품에 대한 설명 자신의 장단점 졸업작품에 적용된 알고리즘에 대한 설명,순환
"빅데이터 분야로 들어가고 싶어서 빅데이터 쪽으로 지원을 했는데 들어온다면 어느쪽에 들어오고 싶은 지 세가지 보기를 주셧었는데, 회사의 부서에 대하 이해가 적어 대답하기 힘들었습니다",빅데이터
"1차 때는 해외공장 이전 등 여러상황 시뮬레이션이라든가 자기소개, 단체 의견교환이라든가 하는 뻔한 내용. 2차 때는 직무관련된 질문들을 함 ERP , BI, 빅데이터 등등... 채용방식 인/적성검사, 그룹면접, 토론면접, 개인면접 발표시기 90일 후 ""1차, 2차 1차는 실무진, 2차는 임원진"" 합격 긍정적 도움이 돼요 0",빅데이터
"내가 경영진이라면 빅데이터를 가지고 어떤 아이템을 가지고 사업을 할 것인가? ""서류 - 인적성 시험 - 1차 면접 - 인턴 수행 - 임원 면접"" 합격 정보없음 도움이 돼요 1",빅데이터
"거의 전부 준비했던 범위 내에서 나옴 ""두 번의 면접, 1차는 인사팀 및 팀장급, 2차는 임원급 면접으로, 기술면접 인성면접 그런식으로 이름이 붙었지만 두번 다 인성면접 위주. 긴장하지않고 준비해간 답을 잘 한다면 합격할것."" 합격 정보없음 도움이 돼요 0",범위
오픈소스를 이용한 새로운 솔루션. 처음들어보는 질문이라 당황했다,오픈소스
회사에서 전력빅데이터를 활용할 수 있는 방안 아이디어를 캐내려고하는질문 이전 경력사항 및 개발경험,빅데이터
회사에 대한 기사를 본적이 있는가 / 빅데이터 관련 기술을 알고 있는가,빅데이터
"다대일로 진행되었으며 ,편안한 분위기 였으며 면접관분들이 너무 좋으셨습니다 통신관련 현장 직무 적합성 및 프로젝트 관련 경험 ,회사에 대해 얼마나 관심이 있는지 물어보셨습니다.",적합
"스마트그리드란? 아는대로 상세히 말해보시오. 빅데이터가 무엇인가? 채용방식 필기시험, 그룹면접 발표시기 30일 후 ""다대다였고 분위기좋고 면접관들이 이야기를 잘들어준다. 홈페이지참고해서 기업 조사랑 자소서 기반으로 해서 준비하면 될듯?"" 불합격 보통 도움이 돼요 0",빅데이터
"DBMS가 뭔지 설명해보세요, 빅데이터가 무엇인가요? 코딩하면서 며칠밤까지 세어보셨나요?",빅데이터
"프로젝트 경험? 빅데이터란? 하둡? 야근 괜찮은가? 채용방식 필기시험, 인/적성검사, 그룹면접 발표시기 7일 후 ""ncs필기-역량기반 면접(실무진)-인성,직무적합성 면접(임원진)"" 대기중 긍정적 도움이 돼요 0","빅데이터, 하둡, 적합"
기본적인 cs질문들 list set map 의 차이 점을 설명하고 비교,map
"실무면접: 1시간 진행. 업무 경험, 개발 관련 이론, 협업 툴, 업무 스타일, 협동심 및 역경 극복 사례등에 대해 물어봄. 사용하게될 프로그래밍 언어 및 라이브러리에 대한 공식 도큐먼트를 꼼꼼하게 읽어두면 도움이 많이 될 것임. 임원면접: 30분 진행. 실무에서 발생할 수 있는 어려움을 어떻게 극복하는지 물어보고 사례를 들어 대 답해달라고 함. 예를 들어, 동료와 의견 갈등, 커뮤니케이션 난항, 앞으로 하고 싶은일. 하고 싶지 않은 일을 맡았을 때 어떨거 같은지, 처음 써보는 기술을 빨리 익혀야 할 때 대처 역량 등등",라이브러리
"백엔드말고 프론트엔드를 좋아하는 이유 프로젝트 중 어떤 라이브러리를 사용했고, 사용한 이유 배달의 민족 지원한 이유 ""서류전형후 codility에서 코딩테스트를 보고 합격문자가 와서 면접일자 조율한 후 google meet에서 약 60분동안 1차 인터뷰를 진행했습니다. 면접관은 두분이셨습 니다"" 주)우아한형제들 사의 빠른 소식을 받아보세요! 2 코이즈(주) - 기업 랭킹 채용 뉴스 연봉 이직 뽐뿌 오는 날 5분 완성, 1년 간 기업정보가 무료!    제휴 대학 서비스  회사소개 이용약관 개인정보처리방침 커뮤니티가이드라인 모바일 버전 공지사항 광고 및 제휴문의 고객 문의 FAQ | | | | | | | | (주)브레인커머스 서울특별시 강남구 테헤란로 509 엔씨타워 I, 10층 | 대표   황희승, 윤신근 | 개인정보보호관리자   윤신근 사업자등록번호   120-87-92182 | 통신판매업 신고번호   제2014-서울강남-02942호 | 유료 직업소개사업 등록번호   (국내) 제2017-3220163-14-5-00046호 대표번호   1644-5641 (10:00~17:00 / 매월 마지막 금요일 09:00~13:00 / 주말 및 공휴일 휴무) | 대표이메일 : customer_service@jobplanet.co.kr ©Jobplanet. All rights reserved. 10 11 12 13 14",라이브러리
"최근 프로젝트 소개, JPA잘 쓰는지, 오픈소스 경험",오픈소스
"Rest API 라이브러리로 어떤 것을 사용해 봤는지? 채용방식 스킬테스트 발표시기 5일 후 ""코딩 테스트 합격 후 면접 코딩 테스트에 대한 질문은 없었음 업무에 대해 나세히 나와 있지 않아서 고민할 거리가 많았음 맡게 될 업무 관련 질문과 라이브러리 사용 경험에 대해 질문 면접 끝나면 선물세트같은거 줌"" 중계시스템팀을 소개합니다. 중계시스템팀 기획자 이수연님, 김혜진님, 조경상님 배민상회서비스기획팀을 소개합니다. 배민상회 PM 김두회님, 정상훈님 주)우아한형제들 사의 빠른 소식을 받아보세요! 2 코이즈(주) - 기업 랭킹 채용 뉴스 연봉 이직 뽐뿌 오는 날 5분 완성, 1년 간 기업정보가 무료!    제휴 대학 서비스","API, 라이브러리"
"2:1로 진행되었고 처음 면접방에 들어갔을 때에 긴장을 풀어주기 위해 약간의 잡담 (밖으로 보이는 뷰 가 어떤지, 사무실분위기는 좋은지 등)을 해주었음. 처음엔 자기소개와 경력기술서를 기반으로 어떤스킬들을 가지고 있는지에 대해서 물어보았으나 중반 이후부터는 경력직을 뽑는건지 신입공채를 하는건지 헷갈릴정도로 기초이론관련 질문이 많았음. * 연결리스트 관련 (어떤질문이었는지도 기억나지않음) * 델파이 언어의 특장점 * 인터프리터와 객체지향의 장단점 * 닷넷프로그램이 빌드에서부터 러닝되기까지의 과정 설명 * 이벤트드리븐-이벤트리스터-이벤트핸들러 각 용어에 대한 차이점 * 5슬롯이 있는 새로운 해시를 만들어서 1~10을 넣으려고 한다. 어떻게할건가? * private, protected, public 에 대해 설명 * OOP가 다형성은 무엇을 해결하기 위해 고안된 것인가 * thread와 process의 차이 * 스레드 프로그래밍시 주의할점, 어려운점, 그리고 문제발생시 해결방법 * MVVM, MVC 패턴에서 VM과 C의 역할과 차이 * WPF나 Winform이나 스레드를 사용하면 UI에 영향을주는건 매한가지인데 왜 WPF가 더 나은가 등등 사실 실무하면서 별로 생각하지 않았던 이론질문이 생각보다 많았음","리스트, info"
궁금한게 있으면 물어보라고 집요하게 물어봅니다. 이직하려는 이유와 가진 기술을 어떻게 이 회사에서 활용할지 물어봄. 오픈소스 라이브러리를 써본적이 있는지에 대한 질문 조금. 기술적인 질문은 거의 없었다.,"오픈소스, 라이브러리"
채용공고상 기재된 담당업무 포지션에 본인이 적합하다고 생각하는지?,적합
css repaint 의 과정에 대해설명 스킵네비게이션의 본래 목적과 퀵링크와의 차이,int
"예전 프로젝트 관련해서 물어봄, 어떤식으로 구현하고 어떤 기술을 사용했는지 면접시에 기술관련 체크리스트 항목이 있는 것으로보임 수십가지의 웹기술을 사용 할줄 아는지 물어보면서 단순하게 예/아니오로 대답해야하며 면접관이 체크함",리스트
실무와 상관없는 경력관련 조언 꼬리물기 질문리스트보면서 읽듯이 면접질문,리스트
"1. 프로젝트 진행 시 문제점이 나오면 어떻게 해결하는지 2. 사람간의 불편한 관계 해결은? 3. 백엔드. 프론트엔드 등 질문 채용방식 스킬테스트, 케이스 면접, 그룹면접 발표시기 7일 후 ""인성과 근무 직종에 대해 적합한 사람인지 체크 하드하게 진행하지는 않고 배려하면서 질문 함. 무난했음",적합
"프론트엔드/백엔드, 프레임워크, 서버 등 다양하게 질문 채용방식 스킬테스트, 개인면접 발표시기 45일 후 ""서류 > 코딩테스트 > 기술면접 > 임원면접 순으로 진행하며 편안한 분위기에서 광범위하게 질문 모르는 것은 솔직하게 대답"" 대기중 긍정적 도움이 돼요 0",범위
"1차: Vue 와 React에 대한 비교, js es6문법, typescript 관련 질문들이 인상깊었습니다. 2차: 여러 성공한 기업들의 기업 문화를 예를 들며, 가장 자신이 적합하다고 생각하는 기업의 문화를 골 라보라고 한 후, 자신의 생각을 바탕으로 재밌는 이야기들을 많이 나눈 것 같습니다. 3차: 어떤 개발자가 되고 싶은지, 혹은 직방에서 개발자로써 어떤 것을 해보고 싶은지에 대해 이야기 했 습니다.",적합
자소서에 있는 질문들함 array list vs LinkedList 차이 물어봄 자바 list vs vector 차이 물어봄,array
빅데이터와 데이터베이스 차이 마지막으로 할말,빅데이터
"1. 10년 뒤 회사에서 개발자 이외의 포지션을 맡긴다면 어떻게 할 것인가? 2. 만약 개발자라는 직종이 인공지능 등에 의해 사라진다면 어떻게 할 것인가? ""채용연계형 인턴(기술직) 지원. 서류 전형 - TOPCIT 필기 시험을 통과하여 인적성&실무(라 쓰고 인성이라 봄)면접 을 봄. 실무면접이라 하여 기술면접 중심으로 준비해갔는데 기술은 진짜 하나도 안 물어보 고 인성 위주로만 봄. 이부분은 인턴 때 보려고 하는건지... 실무면접인데 내가 해온 프로젝트나 기술적인건 하나도 안 물어봐서 아쉬웠음. 면접관 2분과 지원자 3명이 면접을 봄. 딱히 압박 면접은 없었고 기본 인적사항이나 자소서 위주 질문, 인성 위주로 물어봄. 면접 분위기는 좋았고 마음에 들었음. 인성 면접 분위기라 아쉬운 것도 있지만 면접 자체가 너무 좋아서 좋은 경험이었다고 생 각함."" 주)다우기술 사의 빠른 소식을 받아보세요! 2 (주)오픈노트 - 기업 랭킹 채용 뉴스 연봉 이직 뽐뿌 오는 날 5분 완성, 1년 간 기업정보가 무료!    제휴 대학 서비스  회사소개 이용약관 개인정보처리방침 커뮤니티가이드라인 모바일 버전 공지사항 광고 및 제휴문의 고객 문의 FAQ | | | | | | | | (주)브레인커머스 서울특별시 강남구 테헤란로 509 엔씨타워 I, 10층 | 대표   황희승, 윤신근 | 개인정보보호관리자   윤신근 사업자등록번호   120-87-92182 | 통신판매업 신고번호   제2014-서울강남-02942호 | 유료 직업소개사업 등록번호   (국내) 제2017-3220163-14-5-00046호 대표번호   1644-5641 (10:00~17:00 / 매월 마지막 금요일 09:00~13:00 / 주말 및 공휴일 휴무) | 대표이메일 : customer_service@jobplanet.co.kr ©Jobplanet. All rights reserved. 29 30 31 32 33",인공지능
"프레임워크와 라이브러리의 차이점이 무엇인지 설명하시오. ""인적성 이후 실무진 면접관들과 30분정도 면접 진행했습니다."" 주)다우기술 사의 빠른 소식을 받아보세요! 2 (주)오픈노트 - 기업 랭킹 채용 뉴스 연봉 이직 뽐뿌 오는 날 5분 완성, 1년 간 기업정보가 무료!    제휴 대학 서비스  2016/04 면접경로 온라인 지원",라이브러리
가능한 엑셀 함수 외국어 능력 자기소개 다우기술에 대해 말해보라,함수
"파이썬 문제, 프레임 워크 관련 문제, 전체적인 웹 프로세스 문제",파이썬
크롤링시에 ip차단 되는 경우가 있다면 우회하려고 개발 시도한 경험이 있는지? 파이썬에서 뮤테이선 개념에 대해서 설명해보세요. 프레임워크의 개념은? 라이브러리와 차이점이 무엇인지?,"크롤링, 파이썬, 라이브러리"
파이썬 관련 질문 장고 관련 질문 DB 관련 질문,파이썬
파이썬 경험 orm n+1 해결 제너레이터 컨텍스트매니저 본인 최고 성과 최고 실패,파이썬
-WWDC 이슈 -RXSwift 사용 여부 -고차함수들 정도 기억납니다.,함수
사용하는 툴이 무엇인지 라이브러리 사용하는거 뭐 있는지,라이브러리
기술면접 문제에 나왔던 기준으로 물어봄. 통신 라이브러리 어떤걸 써봤었는지,라이브러리
무한 배열을 어떻게 하는지.. 시험도 봅니다...,배열
객체지향이란? 스레드란? 자바와 파이썬의 차이점은? 이런 cs질문을 합니다.,파이썬
"자기소개를 먼저 한 후에 자기소개에 대한 질문들을 주로 물어봅니다. 그 이후에 취업이후 개발역량을 키우기 위해 노력했던 것, 테스트와 매핑하여 질문 머신러닝과 딥러닝과의 차이점 솔루션에 대한 문제해결능력","머신러닝, 딥러닝"
"int형의 범위, 왜 와이즈넛에 지원했는가, 등등",범위
시험 문제 중 반복문 사용한 출력/대학생활 중 가장 열심히(책임감을 갖고) 했던 일 등..,반복문
1. 빅데이터란 무엇인가? 2. 자율주행과 데이터를 연계하면 어떻게 될까? 3. 경험한 프로젝트는 어떤 것이 있는가?,빅데이터
"어떤 코드가 좋은 코드인가?, 인공지능이 무엇이라 생각하는가? 왜 지원하게 되었나?",인공지능
기존에 했던 프로젝트 설명을 해주세요. 머신러닝과 딥러닝 기반의 이해와 챗봇솔루션에 대한 방향성,"머신러닝, 딥러닝"
"처음에 연구개발직으로 지원했고 코딩테스트로 연구개발직 코테를 봤지만 면접후 연구개발직은 떨어 지고 솔루션 개발직에 붙음. 연구개발직 코테는 c++과 java만 사용할 수 있음. 면접관분들이 굉장히 친절함. 긴장 풀게 해주려는게 보였음. 연구 개발직 면접은 대면, 솔루션 개발직 면접은 비대면으로 진행 연구개발직은 인공지능, 자연어 처리 분야에 대해 공부를 하고 가는게 좋음. 자기가 인공지능 분야에 대해 수행했던 프로젝트, 어떤 기술을 사용했는지(딥러닝 알고리즘)등 상세하 게 물어봄. 6개월 이상 공백기가 있다면 반드시 대답 생각해가야함. 솔루션 개발직 면접은 기술적인 질문은 없었음. 대부분 인성적인 부분. 왜 다른 회사가 아닌 꼭 와이즈 넛에 들어와야하는가에 대한 질문을 준비해가야함. 밝은 분위기의 사람을 좋아하는 느낌. 임원면접은 사장님 혼자만 말하심. 다른 임원분들도 많으셨는데 정말 사장님 혼자만 질문함. 기술적인 부분보다 마인드나 방법론적인 질문을 많이 하심. 채용방식 스킬테스트, 그룹면접 발표시기 3일 후 ""코딩테스트(연구개발직), 1차 실무자 면접, 2차 임원면접, 최종합격함"" 합격 긍정적 와이즈넛 기술영업부서장이 말하는 고객 사 로잡는 비결은? [인터뷰] 와이즈넛 공공영업부서 김정태 이사 “최고의 복지는 사람!” 와이즈넛人과 함께 성 장해요 AI솔루션팀 문영주 팀장님&기업개발3팀 최상현 팀장님 직무 인터뷰 주)와이즈넛 3개 공고 지원 가능! 채용공고 보기 3 (주)이지아이앤씨 - 기업 랭킹 채용 뉴스 연봉 이직 뽐뿌 오는 날 5분 완성, 1년 간 기업정보가 무료!    제휴 대학 서비스  신고하기 도움이 돼요 1","인공지능, 자연어 처리, 딥러닝"
1. 구체적인 지원 동기 2. 공백기때 뭐했는지 3. 인공지능 기술 용어 질문,인공지능
"아직 실무능력테스트보고 온 날이라, 면접은 보지않았고 시험출제된 유형 올려드려요. 1. ""*"" 출력(역피라미드로 출력) 2. 3,6,9 게임 (3,6,9 들어가면 박수 한번/ 33,66,99 이렇게 2번들어갈때는 박수 두번) 숫자 1~100까지할 때, 총 박수는 몇번 치는가? 3. 문자열 거꾸로 (reverse() 함수쓰지말고!!) 4. 버블정렬로 배열 안에 있는 숫자들 오름차순 5~7. 기본 select문 조회 / 조인(join) 문제","함수, 배열"
"헤드헌터 소개로 인공지능 유망한 기업으로 소개받고 1/2차 면접 와이즈넛 기술영업부서장이 말하는 고객 사 로잡는 비결은? [인터뷰] 와이즈넛 공공영업부서 김정태 이사 “최고의 복지는 사람!” 와이즈넛人과 함께 성 장해요 AI솔루션팀 문영주 팀장님&기업개발3팀 최상현 팀장님 직무 인터뷰 주)와이즈넛 3개 공고 지원 가능! 채용공고 보기 2 코이즈(주) - 기업 랭킹 채용 뉴스 연봉 이직 뽐뿌 오는 날 5분 완성, 1년 간 기업정보가 무료!    제휴 대학 서비스  면접일자 2017/07 면접경로 직원추천",인공지능
"1. static 변수와 메서드 2. 1~15까지 수열 1씩 증가하는 합 구현 3. 소수의 합 구현 4. SQL UPDATE SET 20% 증가된거 표현 5. double, float함수 리턴 제대로 되는지 6. 구구단 세로로 출력된거 가로로 출력하기 7. Json문구를 xml로 표기하기 8. 상속 안되는 함수는? 9. 문자열 반대로 출력하는 함수 구현 10. INNER JOIN 11. 자바의 예외처리 12. final",함수
"1분 자기소개, 어떤 라이브러리, 프로그래밍언어등을 써봤는지, 학원같은데는 다닌적이 있는지, 전공자 가 아닌데 왜 이쪽으로 지원했는지",라이브러리
"자기소개, 입사후 포부, 검색, 딥러닝, 챗봇에 대한 지식",딥러닝
검색에 대하여 설명해 주세요. 빅데이터 사업에 대해서 어떻게 생각하는지 인,빅데이터
"자기소개, 성격 장 단점, 스트레스 해소법, 인공지능 관련 아이디어 등",인공지능
빅데이터에 대해서 어떻게 생각하는가 향후 빅데이터의 성장은 어떻게 보는가,빅데이터
"회사에 대한 질문과 빅데이터에 대한 질문이 주를 이뤘고, 자기소개 기반 질문도 많습니다.",빅데이터
빅데이터와 검색 관련해 어느정도 관심이 있는지 확인하는 정도의 질문,빅데이터
이직사유 데이터 분산처리 방안 했던 업무들에 대해서 과거 업무과의 연관성,분산
"재귀함수를 이용하는 간단한 메소드 구현과 특정 캐시알고리즘 그러나 상세조건없이 편한 언어로 자유롭게 구현하라함 채용방식 필기시험, 개인면접 발표시기 13일 후 ""온라인코딩이 아닌 아예 손코딩방식이었는데 면접관이 정말 유도리가 없었음. 손 코딩 면접의 이유가 코딩에 대한 기본기와 알고리즘이나 자료구조 해결능력을 보는 거라고 생각했는데 원하는 언어로 자유롭게 제약사항은 없다며 그냥 풀라고 했으면 서 답지가 있는지 정확히 그대로 풀지 않으니 넘어가지 않고 계속 풀게해서 설명과 코드를 통해 알고리즘 자체를 이해 했음을 설득하고 혹시 제약사항이 있냐고 물어 보았으나 알려주진않고 완벽하게 답지와 일치하길 원하는듯 했음. 그외 기술에 대한 면접은 경력이었어서 본인이 했던 부분에 대해 설명하는 부분은 무리는 없엇으나 관련기술도 질문에 원하는바나 조건이 상세하게 말해주지 않고 뭉 뚱그려서 이 답지에 적힌걸 맞춰봐라 식이어서 좀 난감했었음"" 대기중 부정적 도움이 돼요 2",함수
"1. 경력사항, 플젝 경험 2. SW공학 - 결합도 를 어떻게 고려하는지? 3. 디자인 패턴 어떻게 고려하는지? 4. 신기술 습득 빠른 편인지? 5. 제너럴리스트? 스페셜리스트? 인지",리스트
"1차 기술 문제는 10진수를 2진수로 변환하는 코드 작성, 복잡한 조인 쿼리 작성, 연결리스트의 원소 교 환 알고리즘, 바이너리 이진 탐색 알고리즘작성 2차 그룹 면접 100만 건의 데이터를 가장 빠르게 정렬하고 탐색하는 알고리즘은? 3차 cto에게 10가지 질문하기(대답이 아닌 질문을 하라고 해서 엄청 당황했음)",리스트
직전 회사에서 맡은 업무 Restful API HTTP Request,API
빅데이터에 대해서 기존과 차이점을 알고 있냐는 질문.,빅데이터
"어레이리스트와 링크드리스트의 차이, 트렌젝셔널에 대해 설명, SPA와 SSR의 차이에 대해서 설명",리스트
1. 이력서에 기재돼있는 프로젝트 소개 2. 강원도에서 근무할 수 있는지에 대한 여부 3. 더존비즈온은 어떤 기업인지 4. 파이썬 역량 5. 데코레이터란 무엇인가?,파이썬
"1. 서버 이중화와 고가용성, Load Balancing 에 대해 아는대로 말해보라. 2. Spring Framework 에서 annotation이 어떤 역할을 한다 생각하는가? DI란 무엇이고 Spring Framework에서 DI를 함으로써 어떤 장점을 얻을 수 있는가? 3. 기본적인 리눅스 명령어 질문 3-1) su, su - 차이점 3-2) chmod 3-3) tar 명령어 및 쉘 프로그래밍 기초 지식 3-4) curl에 대한 질문 몇가지 4. Rest Api & MSA에 대한 질문 4-1) Rest Api 에 대해 아는대로 말해보라 4-2) Rest Api를 이용하여 서로 다른 기관 혹은 서버끼리 통신할때 어떤식으로 보안을 유지할 수 있을 지 설명하라 - 잘 모르지만 ssl인증서의 serial number, 각 기관끼리의 사전에 정의된 인증방식(토큰 등)을 통해 보 안을 유지할 수 있을거라 대답 4-3) 4-2에서 ssl 인증서를 언급하였는데 SSL 인증의 원리를 알고 있는가? 5. 기본적인 쿼리 질문 5-1) 계층쿼리(connect by) 5-2) Pivot 5-3) Rank(), RowNumber() over Partiton by ~ 6. 코딩 테스트(손코딩) 6-1) 자바 스크립트 promise함수 빈칸 완성 6-2) 기초적인 jquery 문제 - 체크박스 제어, 클릭이벤트등 html보고 코딩하면 됨 6-3) 쿼리코딩 (Cube 함수): 이거 못품 ㅡㅡ;;",함수
"신입 기준 json, ajax, java 등 기본적인 질문이 있습니다.",json
성격의 장단점이 무엇인지 전 직장에서는 무슨 업무를 하였는지 어떤면이 더존에 적합한 것인지,적합
자기소개 / 20 문제 정도 되는 리스트 대답해야함 / 이직사유 / 자신의장점 /,리스트
HTTP 관련 질문 네트워크 관련 질문 REST API 질문,API
사용하는 프레임워크 선택 이유. RESTful API 에 대한 설명. 사용하는 언어의 장단점.,"REST, API"
기억에 남는 질문 없음.없음 웃긴게 무슨 면접관이 별로 알지도 못하면서 오픈소스만 다뤄봤냐 왜 안다 뤄봤냐 무슨 면접이 부하직원 혼내면서 지들이 갑인거마냥 실실 쪼갬,오픈소스
"주소창에 주소를 검색했을때 일어나는 과정을 말해주세요. Integer int 어느 상황에서 써야하는지 MongoDb 특성 채용방식 스킬테스트 발표시기 14일 후 ""프로젝트에 관해서 잘 물어봐주시고 긴장을 풀기위해 넌센스퀴즈도 준비해주셨음"" 합격 긍정적 도움이 돼요 2",int
1차 면접 재직중인 회사에서 무엇을 했는지 재직중인 회사에서 어떤 사람으로 평가 되고 있는지 이직을 하는 이유 지원한 분야의 업무 내용에 관해서 --------------------------------------------------------------------- 3차 렌더링에 대해서 아는 대로 말하기 클로저 함수에 대해서 재직중인 회사에서 무엇을 했는지 재직중인 회사에서 어떤 사람으로 평가 되고있는지 이직 이유 3년후 어떤일을 하고 싶은지,함수
"자기소개, 진행했던 포트폴리오에 대한 아키텍처 설계 방법, 분산처리 방법, 강점 약점 등등...",분산
1. 하나의 API로 많은 이들이 접속을 하여 프로세스가 많이 쌓였을때 생기는 과부하를 어떻게 해결하 는게 좋겠는가 2. 새로운 기술공부는 어떻게 찾고 어떻게 하느냐 3. 리눅스상에 모듈을 설치할때 어떠한 방식으로 하느냐 4. 테스트는 어떻게 하냐,API
"인성/기술 : 이력서를 토대로 프로젝트경험설명, 본인의 장단점, 회사를 선택하는 기준 등 cto : 이력서 위주의 질문 1도 없음, 관심있는게 뭐냐해서 알파고 딥러닝,VR,AR 에 관심있다고하니까 그걸 이용해서 구현한걸 말해라, 기술 트렌드중 뭐에 관심있냐해서 답하면, 상황을 줄테니 그 기술을 이 용해 어떻게 구현할건지 상세히 말해라 등",딥러닝
"기술적보단 신기술 그에관한 오픈소스는 본적잇는지 얼마나아는지 채용방식 스킬테스트, 개인면접 발표시기 20일 후 ""생각지도못한 질문들이 많이나오네요 준비 해갈것도없이 평소에 아이티분야에 얼마나 관심갖느냐를 보는거같아요"" 대기중 보통 도움이 돼요 0",오픈소스
"인사팀은 30분간 이전직장에 이직사유와 이전회사에서 진행했던 업무방식에 대한것과 본인의 성격적 장단점을 기술하라고 함. 실무진은 2명이 참석했는데 PHP5에 대한 생각, 웹서비스 계념, 오픈소스 참여프로젝트 및 구현기술, 검색엔진에 대한 경험, 이력서 내 경력에 대한 상세한 리뷰를 원해서 답변했다.",오픈소스
"알고리즘, 이진탐색, 자주 사용한 함수, c기본지식물어봄, 지원한직무이외의것을물어봄",함수
"인사팀 면접은 자기소개 회사 지원 동기 , 나의 실제 성격 ,등을 물어보았습니다. 기술팀 면접은 스위치 관련 가상 네트워크 하둡 등을 물어보았습니다. 채용방식 개인면접 발표시기 ""인터뷰는 인사팀 과 한번 개발팀과 한번 이렇게 두번을 봤습니다. 합격발표는 그 날 발표를 받았습니다."" 글로벌 전자상거래 플랫폼, 카페24 카페24 사업분야 페24(주) 사의 빠른 소식을 받아보세요! 2 코이즈(주) - 기업 랭킹 채용 뉴스 연봉 이직 뽐뿌 오는 날 5분 완성, 1년 간 기업정보가 무료!    제휴 대학 서비스",하둡
지원하게 된계기는? 어떤 사람이 될것인가? IT 서비스 영역은 체크리스트 기반으로 아는지의 여부를 체크하고 설명시킴,리스트
"빅데이터로 인해 페이지에 과부하가 걸릴시 어떻게 해결해야하는가 채용방식 개인면접 발표시기 6일 후 ""인성 면접은 편한분위기에서 진행되고 다음 기술면접은 굉장히 무거운분위기로 진 행되었던 기억이 남"" 불합격 보통 도움이 돼요 1",빅데이터
"자기소개서에 나오는 프로젝트에서 쓰인 언어에 관련된 지식을 물음 ex. int vs Integer 채용방식 ""서류 합격 후 1차 면접(인성,실무) - 2차면접(임원) 후 합격자 발표"" 페24(주) 사의 빠른 소식을 받아보세요! 2 코이즈(주) - 기업 랭킹 채용 뉴스 연봉 이직 뽐뿌 오는 날 5분 완성, 1년 간 기업정보가 무료!    제휴 대학 서비스  회사소개 이용약관 개인정보처리방침 커뮤니티가이드라인 모바일 버전 공지사항 광고 및 제휴문의 고객 문의 FAQ | | | | | | | | (주)브레인커머스 서울특별시 강남구 테헤란로 509 엔씨타워 I, 10층 | 대표   황희승, 윤신근 | 개인정보보호관리자   윤신근 사업자등록번호   120-87-92182 | 통신판매업 신고번호   제2014-서울강남-02942호 | 유료 직업소개사업 등록번호   (국내) 제2017-3220163-14-5-00046호 대표번호   1644-5641 (10:00~17:00 / 매월 마지막 금요일 09:00~13:00 / 주말 및 공휴일 휴무) | 대표이메일 : customer_service@jobplanet.co.kr ©Jobplanet. All rights reserved. 54 55 56 57 58 온라인 지원",int
"원형 링크드리스트 구현 프로그램은 예상도 못했고 생각도 못했던 시험 채용방식 스킬테스트, 개인면접 발표시기 7일 후 ""경력직으로 면접봤는데 일단 면접연락은 전화로 먼저 일정을 잡고 이메일로 자세 한 내용을 받았습니다. 면접일에 사무실로 가서 따로 회의실에서 면접을 보게 되었습니다. 1차는 일반면접, 2차 실기, 3차는 실무면접 이었고, 약 2시간 정도 걸렸습니다. 사무실은 약 5~6명 정도 앉을 수 있는 공간이었고, 테이블에는 음료수가 있어서 마 음대로 골라 먹을 수 있었습니다. 일반면접의 질문은 기존 면접과 비슷한 질문들입니다. 자신의 장점에 대해서 말해 달라던지, 후회하는일 이나, 경력직이니 지난 경력에 대한 이야기 등이 대부분이었 습니다. 2차 실기는 IT계열이라 정보처리쪽의 프로그래밍 작업과 정보처리의 응용 이었습 니다. 3차 실무면접은 팀장님이 오셔서 실무에 대한 면접을 보았습니다."" 불합격 보통 도움이 돼요 0",리스트
카카오톡 친구 몇명 등록돼있나요? 회귀분석의 단점이 무엇이라고 생각하나요?,회귀분석
자사의 개발 제품의 판매가 떨어지는 요인과 개선점을 질문했을 때 어려웠음,요인
"빅데이터 관련 사례, PT면접에는 납기를 지키지 못한 상황을 주고 대처방안에 대해 설명하도록 함,",빅데이터
"외국에서 신호위반을 했던 적이 있나? 위반하지 않았다고 대답한 후에 왜 위반하지 않았는지에 대한 이 유를 다시 물어봄 발표시기 30일 후 ""외국대학 졸업으로 인해 Global SAT를 보고 서류 합격 면접 시 외국에서 있었던 경험 및 직무에 적합한지에 대한 질문"" 합격 긍정적 도움이 돼요 0",적합
"플랫폼(OS)에 따른 프로그램 포팅에 대한 질문을 받았음. window 프로그램이 유닉스에서 왜 수행되지 않는가? 수행되게 하려면 어떻게 해야 하는가? 어려운 점이 무었인가? 채용방식 필기시험, 인/적성검사, 스킬테스트, PT면접, 그룹면접 발표시기 14일 후 ""공채로 입사하였으며, 인성면접과 기술면접(프리젠테이션 면접)이 있고, 당일에 모두 진행하였음. 기술면접의 경우 면접관은 4명정도였으며, 팀장급 2명, 임 원급 1명, 실무진 1명인 것으로 추정됨. 분위기는 부드러운 편이었음."" 합격 긍정적 도움이 돼요 0",추정
본인이 SCSA과정에 적합하다고 생각하는 자질을 PT로 발표. 본인의 어떤 역량이 소프트웨어 개발에 도움이 된다고 생각하는지?,적합
"(구체적인 상황과 pain point를 제시합니다. 저의 경우 OO전자 공장에서 일하는 현장직 근무자가 공장 관리를 하는데 어려움을 겪고 있는 상황이었습니다.) 어떻게 우리 회사의 솔루션을 만들고, 소개하고, 도입하게 할 것인가? 채용방식 인/적성검사, PT면접 발표시기 7일 후 ""동종업계 중 연봉은 최상위권입니다. 면접관마다 스타일이 다르겠지만, 차분하고 편안한 분위기에서 진행되었습니다. 기술적으로 심도있게 파고들어서 물어보지는 않지만, 어느정도 상황판단력과 사고력, 문제해결력이 갖춰줘야 대답할 수 있는 종 합선물세트같은 질문들을 주로 합니다. 상식을 크게 벗어난 엉뚱한 질문도 하지 않 으며 일반적인 면접에서 나올 수 있는 질문들을 위주로 합니다."" 합격 보통 도움이 돼요 0",int
PT면접은 빅데이터로 공공사업에 어떻게 적용할 수 있을 것인가 였음. 임원면접은 사트 후 제출한 에세이를 기반으로 물어봤으며 전공관련은 질문 없었고 인성면접 위주였던 걸로 기억,빅데이터
"지원동기 질문에 여러가지 질문들이 이어졌는데 이에 대한 답변을 충분히 준비하지 못해 대처하기 어 려웠음. 채용방식 인/적성검사, PT면접, 토론면접, 개인면접 발표시기 7일 후 ""1. PT 면접: 오픈소스 라이센스에 대한 주제. 주제 제시 후 면접을 준비할 시간을 주고 면접관 4 : 면접자1로 면접을 시작. 2. 토론면접: 분교 통폐합 찬반 토론. 7~8명이 랜덤하게 찬반을 정하고, 주제에 대 한 약간의 준비시간이 주어진 후 면접. 3. 임원면접: 4:1 면접. 자기소개서를 기반으로 한 질문. 제출한 성적확인서에 대한 질문도 받았음. 질문 내용은 대체로 무난했던 편."" 불합격 긍정적 도움이 돼요 0",오픈소스
"개인적으로는 C++ 수업 밖에 들은 것이 없어서... 현재 다루고 있는 혹은 공부하고 있는 언어에 대해서 얘기해보라는 질문이 어려웠네요.^^; 채용방식 PT면접, 개인면접 ""2012년 상반기 인턴 면접에 지원했었고, 전공 구분 없이 지원할 수 있었습 니다. 대신 저는 제 전공인 건축쪽 지식으로 sds에서 할 수 있는 일들을 많이 찾아보고 자 소서를 썼고 면접 준비도 그 위주로 진행했습니다. 다행히 bim이나 교통관련한 사업 분야가 몇 가지 있었고, 그런 쪽에서 일하고 싶다 고 얘기를 하니까 준비를 많이 한 것 같다는 얘기를 해주셨습니다. 다만 당시에 제가 제대로 다룰 수 있는 언어가 없어서 그 점이 큰 마이너스 요인이 된 것 같아요. (떨어졌습니다ㅎㅎ) 특히나 인턴 지원이라면 IT 분야에 대한 관심도나, 현재 프로그래밍을 어느정도라 도 할 수 있다는 것을 어필을 하면 타 전공자라도 충분히 들어갈 수 있을 것으로 보입니다. 당시에 아는 분은 부전공이 컴공이어서 합격했었네요."" BEST 불합격 보통 도움이 돼요 0",요인
"PT면접 : 배열과 링크드리스트에 관한 특징을 설명해 보라. 임원면접 : 공백기엔 무엇을 하였나? 목표로한 것을 달성 하였나? 채용방식 인/적성검사, PT면접, 개인면접 ""SSAT 통과 후, 면접 당일날 PT면접(기술면접), 임원면접, 인성검사가 한 번에 이루어 집니다. 인성검사는 컴퓨터로 하게 됩니다. PT면접이나 임원면접 시 자기소개서에 관한 이야기는 묻지는 않았습니다. PT면접 시에는 문제를 미리 주고 생각을 정리해서 발표하는 것이며 전공에 대해서 는 간단한 질문을 있었습니다. 임원면접은 면접관 세분이고 우리가 흔히 생각하는 인성면접입니다. (자기소개, 힘 들었던 일, 도전했던 일 등)"" BEST 불합격 긍정적 도움이 돼요 0","배열, 리스트"
"삼성SDS에 대한 좋은 기사와 나쁜 기사는? 채용방식 인/적성검사, PT면접, 개인면접 발표시기 27일 후 ""삼성 계열사이므로 SSAT를 통과한 사람에겐 에세이(자소서)를 쓸 기회가 주어집 니다. 에세이는 시험 발표 후 3일간 입력하도록 되어 있으며, 에세이 입력 후 평균 일주일 후에 면접이 진행됩니다. 면접은 PT면접과 임원면접을 봅니다."" 불합격 긍정적 도움이 돼요 0",평균
"특별히 어려운것은 없었고 당시 공모전 입상경력이 있어 그에대한 질문이 대부분이었음 요즘은 공모전 입상이력이 기본이지만 7~8년 전에는 다소 특별한, 합격을 보장하는 스펙 중 하나였고 공모전도 전공과 관련있는 분야라 플러스 요인으로 작용한듯",요인
"SQL 재귀 쿼리 설명하라 오류 났을때나 성능에 관해 대처법 데이터 엔지니어 질문 kafka, Spark 등등",par
"쿼리 관련해서 몇가지 질문, 스크립트 함수 관련해서 물어봤습니다.",함수
"연결리스트 구현하는 수도코드(자유양식) 작성 자기소개서 위주의 경험 질문, 회사 지원동기 등",리스트
"취업연계학원을 왜 안다녓냐 자만심에 안다닌거냐, 여긴 학원이 아니다 신입으로 들어와사 배울 생각 하고잇냐, 평균적인 학부생들의 실력을 알아보고 자만하는것이냐, 나때는 학부에서 이렇게 배웟는데 왜 너는 이걸 안배웟냐?",평균
"페이코의 장점은 뭐냐?, 직장 상사와 마찰이 생겼을 경우 어떻게 할거냐? , 머신러닝에 대해 비전공자들 도 이해할 수 있게 설명해달라",머신러닝
JSON과 XML의 차이가 무엇인지?,JSON
면접에서 Rset API 설계를 해보라고 함. Pre-Test와 코딩테스트 관련해서 왜 그렇게 풀었고 코딩을 했는지 물어봄. 틀리거나 부족한 부분 위주로 더 자세한 내용 물어봄.,API
"코드리뷰. 함수는 왜 이렇게 짰고, 해당 자료구조는 왜 사용했는지, 알고리즘은 왜 이걸 썼는지를 질문 함",함수
"테스트시에 사용된 라이브러리에 대한 질문이 대다수이며 내부 구현 알고리즘에 대한 이해도가 필요함 발표시기 2일 후 ""테스트 난이도는 높지 않으며 어느정도 경력이면 누구나 풀수있지만 필기 시험의 경우 생각나지 않을 공산이 큼.."" 불합격 긍정적 도움이 돼요 2",라이브러리
"라이브 코딩 테스트. 3가지 문제가 나왔음. 1번을 풀어야 2번, 2번을 풀어야 3번을 풀수 있도록 이전 문 제의 해답을 다음 문제에 이용. 1번) Assert를 다 통과하는 기본 모듈 구현. 2번) 1번 모듈을 이용해 더 블 링크드 리스트 구현. 3번) 2번 문제의 답을 이용해 바이너리 탐색 알고리즘 구현",리스트
프로그래밍 (자바 씨 씨++) 기초지식 소프트웨어공학 자료구조 알고리즘 운영체제 네트웨크 디비 php 등등 범위가 매우 넓게 문제가 나온다,범위
"Soccer라는 클래스가 있다. 이 클래스를 리팩토링 하려고 하는데 어떻게 하면 좋을까? (정말 그냥 이대 로 질문을 허셨음...) 그때 당시 질문의 의도를 파악못해서 버벅거렷는데 지금생각해보니 객체지향에관 한 질문.. Sports라는 상위 클래스를 만들어 상속받게하는 식으로 리팩토링하는게 맞는거같은 생각이 들엇습니다 면접끝나고...(어디까지나 제 생각) 채용방식 필기시험, 그룹면접 발표시기 30일 후 ""서류 - pre test - feel the toast(기술면접) - 인성면접 위과정으로 뽑는데 서류는 80~90%정도 뽑히는거같구요 pre test를 통해 4배수? 정도 뽑히는거같습니다. pre test는 많이 어려운내용은 아니나 광범위해서 준비를 오래하셔야할듯.. feel the toast같은 경우엔 저는 처음 프로그래밍 과제를 주고 사 옥투어 후 기술면접, 과제 리뷰 과정을 거쳤습니다. 과제는 난이도가 높지는 않으나 인터넷사용이 금지되서 시간이 조금 모자라고 사옥투어를 하며 정말 합격하고싶었 습니다..(사옥 진짜좋음) 기술면접은 저같은 경우엔 알고리즘, web, 프로그래밍(자 바), 전공과목 에서 질문이 나왓는데 다른 팀들은 거의 알고리즘 손코딩위주로 질문 이 나왓다고 하네요. 난이도가 높지는 않지만 제가느끼기엔 실무 위주의 질문이라 쉽지는 않앗습니다. 면접 분위기는 정말 편하게 해주십니다. 아무튼 복지도 좋고 사 옥도 정말 좋고 너무 다니고 싶은 직장중 하나입니다."" BEST 불합격 긍정적 도움이 돼요 4",범위
"1차 면접 대부분의 면접시간 동안 자신이 수행해온 업무의 시작부터 끝까지 '과정'과 역할 중심으로 물어봅니다. 다른 회사(주로 하청업체)들과의 마찰을 어떻게 해결해왔는지, 해결할지 물어봅니다. 분위기를 좋게 해주려고는 하지만, 질문이 날카로워 살벌합니다. 2차 면접 기본기, 실무능력에 대해선 구체적으로 물어보지 않고 관련 산업에 대해서 크게 어떻게 생각하는지 물 어봅니다. 면접관과 생각이 다를 시 계속 캐 물으므로 잘 아는 범위 내에서 솔직하게 대답하셔야 할듯... 계속 '인성' 에 대한 질문들 - 다른 사람들이 지원자를 어떻게 평가하는가? ""수시 모집에 지원 후 3주 만에 1차 면접 - 실무진 면접관 3명 1주일 후 2차 면접 - 임원진(기술, HR 등) 면접관 3명"" 불합격 정보없음 도움이 돼요 3",범위
"코딩과제 text data size 줄이는 문제 3개 배열 merge sort 문제/quick sort문제 실무면접 ""필기 시험 합격 후 Feel the toast 전형에서 떨어졌습니다. 필기 시험 합격 자와 불합격자 메일 내용이 달라서 이미지 로딩 중에 떨어졌구나/붙었구나를 알 수 있을 정도. Feel the toast는 말 그대로 NHN엔터를 느껴보라는 체험형 면접으로 10시부터 저녁 6시까지 하루 종일 엔터테인먼트 사옥에서 진행합니다. 오전 중에는 주어진 2개 과제를 수행하는 코딩 작업을 진행하고 점심 먹은 뒤 마저 코딩을 한 뒤 3시부터 1시간씩 3시간동안 로테이션으로 사옥투어/코드리뷰/실무면접(2:2) 을 진행합니다. 코드리뷰와 사옥투어는 어렵지 않기 때문에 실무면접에서 거의 갈리는 느낌. 10명이 2명씩 5팀으로 나뉘어 실무면접을 동시간에 진행하는데 면접관 마다 물어 보는 내용이 다름."" BEST 액 3000억원 이상 (주)제니엘 포지션 38개 채용 중 3 엘티삼보(주) 1 기업 랭킹 채용 뉴스 연봉 이직 뽐뿌 오는 날 5분 완성, 1년 간 기업정보가 무료!    제휴 대학 서비스  64 65 66 67 68",배열
"멀티 쓰레드를 작성하고, Hash를 사용해야 하는 문제. 단, MSDN 이외의 인터넷 사용은 금지되어 있 음. 또한, 기본 라이브러리만을 사용해야 한다. 확장 라이브러리 사용 불가.",라이브러리
"1. 지금 제가 머릿속으로 숫자를 하나 생각하고 있습니다. 근데 그 숫자가 무한대의 숫자일 수 있습니 다. 제가 생각하는 숫자를 맞춰보세요 2. atoi 함수 손코딩 5분이내에 채용방식 필기시험, 개인면접 발표시기 10일 후 ""서류 - 필기 - 실무면접 - 임원면접 저는 실무면접에서 탈락했습니다. 실무면접은 1일 직장 체험으로 진행됩니다. 오전에는 실제 근무지에서 알고리즘 문제를 2개 풀게됩니다. 이후 사옥탐방, 코드리뷰(풀었던 알고리즘문제), 실무 면접(2:2)로 진행됩니다. 듣기로는 오전에 치뤄지는 문제와 코드리뷰는 그냥 참고용이고 1시간동안 진행되는 실무면접에서 합/불이 갈린다고합니다."" 불합격 긍정적 액 3000억원 이상 데브시스터즈(주) 포지션 0개 채용 중 2 코이즈(주) 8 기업 랭킹 채용 뉴스 연봉 이직 뽐뿌 오는 날 5분 완성, 1년 간 기업정보가 무료!    제휴 대학 서비스  회사소개 이용약관 개인정보처리방침 커뮤니티가이드라인 모바일 버전 공지사항 광고 및 제휴문의 고객 문의 FAQ | | | | | | | | (주)브레인커머스 서울특별시 강남구 테헤란로 509 엔씨타워 I, 10층 | 대표   황희승, 윤신근 | 개인정보보호관리자   윤신근 사업자등록번호   120-87-92182 | 통신판매업 신고번호   제2014-서울강남-02942호 | 유료 직업소개사업 등록번호   (국내) 제2017-3220163-14-5-00046호 대표번호   1644-5641 (10:00~17:00 / 매월 마지막 금요일 09:00~13:00 / 주말 및 공휴일 휴무) | 대표이메일 : customer_service@jobplanet.co.kr ©Jobplanet. All rights reserved. 65 66 67 68 69 신고하기 도움이 돼요 3",함수
"컴퓨터 공학 전범위에 걸쳐 기술 질문이 나왔습니다. 처음에는 기본적인 질문을 하고 계속 심도있게 파고 내려가면서 지식이 바닥날때까지 질문합니다. 채용방식 필기시험, 스킬테스트, 그룹면접 ""2014 NHN 엔터테이먼트 하반기 공채에 지원하였습니다. 서류전형 -> Pre Test(시험) -> Feel the Toast(기술과제+과제리뷰면접+기술면 접)"" 불합격 보통 도움이 돼요 1",범위
"알고리즘 문제나 여러가지 패턴들에 대한 질문이 까다로웠습니다. 채용방식 필기시험, 스킬테스트, 개인면접 발표시기 7일 후 ""웹개발 관련 군 경력이었습니다. 서류 통과된 후 연락 주신 분이 굉장히 친 절했습니다. 당일 면접 분위기도 좋았습니다. 다만 기초적인 질문을 많이 했었는데 제가 부족하여 그동안 시간만 허비하며 업무 를 했던 것 같습니다. 일정 짜맞추기 카피앤페이스트 API 가져다 쓰는것들만 익숙하다보니 본질적인 질 문들에 답변을 제대로 못한거 같습니다."" BEST 불합격 긍정적 도움이 돼요 1",API
"STL 설명 : list, vector, map 각각의 특징과 비교 설명하시오. 등 CriticalSection에 대해서 설명하시오. Enter/leave의 개념과 그 차이점은? 등등.. 이 외에도 프로그래밍 이론에 대한 다양한 질문들이 있었습니다. 채용방식 개인면접 발표시기 7일 후 ""nhn 공식 홈페이지에 프로그래머 지원. 이메일로 서류통과 회신옴. 1회 인터뷰. 차분한 분위기. 면접관 세 분과 실무 면접. 실무 관련 압박 면접 질문 받음."" 불합격 보통 도움이 돼요 1",map
"하도 질문이 광범위해서 어느부서 배치되나 물어봤더니, 일단 뽑아놓고 배치한다고 함. 범위도 넓은데 각각에 대해 깊이 물어봄. ""압박면접. 면접 전 기술시험 있음. 알고리즘문제 코딩하라는 문제도 있음.. 질문 범위가 광범위함. 본인의 커리어 쪽으로 얼마나 잘 유도하는지가 관건."" BEST 불합격 정보없음 도움이 돼요 0",범위
"자기소개 오픈소스 활용능력이 강점이라 했는데 어떤 오픈소스를 활용했는지? AWS 얼마나 사용해봤는지? 데이터베이스는 어떤거 활용했는지?(RDBMS, MySQL) 내가 맡은 역할 그 이상을 했던 활동? 자바는 사용할줄 모르는건지? 인턴에서 했던 테스팅 시나리오를 따로 작성하고 실행한건지? 지도교수님이 나의 장단점을 뭐라고 말하실것같은지? 제일 관심있는 기술? 리눅스마스터 왜 공부하게 되었는지? 채용방식 스킬테스트, 그룹면접, 기타 발표시기 16일 후 ""코딩테스트 면접, 직무면접, 임원면접 봤습니다 코딩테스트는 엄청 쉬운대신 코드리뷰가 중요한 느낌이었어요."" 합격 보통 도움이 돼요 1",오픈소스
"의사소통 문제를 겪었던 경험 실패했던 경험 sw에 분야가 많은데, 어떤 분야를 주로 하고 싶냐 스페셜리스트와 제너럴리스트 중 뭐가 되고 싶냐",리스트
평이하여 기억에 남는 질문이 별로 없음 2차 면접때 그 동안의 경력이 어떤 점에서 회사에 적합하고 어떤 시너지 효과를 낼 수 있는지에 대한 질 문에 나름 열심히 대답했는데 면접 끝난 후 열심히 하겠다는 취지로 간략하게 답하면 되는데 불필요하게 길게 설명했다는 지적을 들음,적합
"크게 어려운 질문을 요구하지는 않았으나, 자기소개서를 꼼꼼히 살피고 그안에서 주로 질문함 기술면접은 프로젝트나 직무관련 경험 간단한 개념정도 (내가 기술한 경험 범위내에 물어보셨음)",범위
"자소서 기반 질문, 라이브러리 사용을 어떻게 하냐와 같은 질문정도는 나오지만 구체적으로 전공질문 은 없었음",라이브러리
인성면접 1. 자소서에 썻던 내용을 위주로 질문. 2. 신세계 아이앤씨에 대해 아는것에 대해 말해라 전공면접 1.정보처리기사의 스택과 큐 2.정보처리기사의 배열의 종류 3.손코딩.,배열
"심층면접 - 다른 회사가 아닌 왜 신세계 아이앤씨를 지원했는가, (다른 회사 전형 지원중이라면)거기 되 면 그곳에 가겠네? 토론면접 - 주제는 인간은 선하다. 채용방식 인/적성검사, 토론면접, 개인면접 발표시기 7일 후 ""1차면접 - 일단 면접조를 3개로 나눴습니다. 12명이 한 조, 제가 속한조는 마지막조라 9명. 심층면접 - 인성검사 - 토론면접 세가지 유형이 진행됩니다. 심층면접- 면접관 2인 대 지원자 1로 2:1 심층면접을 진행합니다. 30분정도 시간으로 진행되지만, 먼저 끝나는 사람은 먼저 나오더군요. 직무보단 인성위주의 자소서 기반 질문들이 많이 나옵니다. 하지만 상당히 세세하게 물어봐서, 거짓으로 대답하긴 어려울것 같네요 - 인성검사 OMR 마킹으로 360문제였나? 를 40분간 풉니다. 1~6척도 체크하고, 문항 3개중 자신에게 가까운것 하나와 먼것을 체크하는 방식 - 토론면접 지원자를 반으로 나눕니다. 지원자팀 한명에게 제비뽑기를 시켜 주제를 뽑게 하고, 다른 한팀의 한명에게 제비뽑기를 통해 찬성/반대를 뽑게 합니다. 그리고 15분 정 도 팀 토론 및 준비 시간을 주고, 15분 후 큰 회의장에서 다시 모여 토론을 진행합니 다. 면접관의 개입 전혀 없이 면접관 2명이 양쪽에서 지켜보기만 합니다. 그리고 토론 을 진행합니다."" BEST 대기중 긍정적 도움이 돼요 5",척도
"실제로 사용해봤던 기술에 대한 질문이 나왔을때 범위를 너무 넓게 잡아서 설명하려 했을때. 발표시기 15일 후 ""기술면접은 팀장급이상으로 다대다 면접이었음. 주요 플랫품 사용 여부와 기술에 대한 질의가 대부분 임원 면접은 인성 및 개인적인 질문이 많았음"" 합격 보통 액 3000억원 이상 신성통상(주) 포지션 9개 채용 중 2 코이즈(주) 1 기업 랭킹 채용 뉴스 연봉 이직 뽐뿌 오는 날 5분 완성, 1년 간 기업정보가 무료!    제휴 대학 서비스  회사소개 이용약관 개인정보처리방침 커뮤니티가이드라인 모바일 버전 공지사항 광고 및 제휴문의 고객 문의 FAQ | | | | | | | | (주)브레인커머스 서울특별시 강남구 테헤란로 509 엔씨타워 I, 10층 | 대표   황희승, 윤신근 | 개인정보보호관리자   윤신근 사업자등록번호   120-87-92182 | 통신판매업 신고번호   제2014-서울강남-02942호 | 유료 직업소개사업 등록번호   (국내) 제2017-3220163-14-5-00046호 대표번호   1644-5641 (10:00~17:00 / 매월 마지막 금요일 09:00~13:00 / 주말 및 공휴일 휴무) | 대표이메일 : customer_service@jobplanet.co.kr ©Jobplanet. All rights reserved. 54 55 56 57 58 신고하기 도움이 돼요 0",범위
"없었습니다. ""1차 면접은 실무 선임과장과 팀장님이 참석하여 면접을 진행하였습니다. 전 회사에서의 수행했던 직무와 기술 적합성에 대한 질문이었습니다. 2차는 본사에서 그룹으로 진행되었으며, 팀장님의 질문에 돌아가며 답변하는 방식 이었습니다."" 합격 보통 도움이 돼요 0",적합
1.프로젝트의 갈등 사항이 있었나요? 2. 코드 리뷰를 했었나요? 3. 벡터에 대해서 설명해주세요,벡터
"- 직무에 대한 적합성과 경험 기반 바탕 - Spring DI, JWT가 무엇인가 - 코딩테스트가 꼼꼼하지 않았다",적합
1. 면접자 두 명이 들어가서 진행했는데 다른 분께 자기소개 기회를 주시고 본인은 패스함 2. 오픈소스 사용 경험 3. 스프링의 필터 및 인터셉터 개념에 대한 질문,오픈소스
Vue.js 라이브러리 사용 여부 영어공부는 따로 안하는지 출장이 잦을텐데 괜찮은지,라이브러리
"경력들의 세부 질문, SI 업체를 아는지, 머신러닝에 대해, 성과를 낸 일",머신러닝
"코로나로인해 비대면 면접진행 서류 - 역량면접(코딩테스트, 기술면접, 인성검사) - 인성(임원)면접 경력직 상시로 지원했고 서류 접수후 거의 3주가 지나서 연락옴 떨어진줄알고 신경도안쓰고있다가 갑자기 20일만에 연락옴 그후 면접일정을 알려주는데 5일정도(주말포함) 준것같음 면접시 피피티를 만들어서 본인경력어필해달라고했고, 면접 전날까지 코딩테스트 가 있음 그리고 면접본 이후에 바로 인성검사가 있음 코딩테스트 준비 피피티준비 면접준비를 5일만에 하려고하니 정말 죽는줄알았음 다행이 피피티는 기존 포트폴리오를 최신으로갱신하루소요. 코딩테스트 문제은행에서 유형파악하기 위해서 3일정도 쭉 풀어봄. 면접은 피피티 만들면서 계속 연습 또 연습 코딩테스트는 문제는 해당 지원부서에서 직접 출제하는것같음 (알고리즘 문제는 필수 직무에 따라서 sql도 필수, 그외 기본개념 충실) 1차 기술면접은 30분정도 진행되고 피피티발표하고 피피티를 바탕으로 이야기 주 고받고 하면 정말 시간이 짧다고 느낄정도로 끝남 기억에 남는 질문으로는 지원 분야에 맞는 기술질문 3개정도 그외질문은 거의 없었던갓같음 면접시간이 짧아 종료된것같음 인성검사는 짧은시간에 대량의 문제를 풀어야하니 되도록 솔직하게 쓰는게좋음 유형을 전혀 모르겠다하면 유투브등에서 현대인성검사를 검색해서 유형을 익히는 건 도움됨 1차 합격통보까지 시간이 대략 10일걸린듯함 정말 가고싶었던 회사라 그 10일을 기다리는시간이 정말 천당과 지옥을 오가는 시 간이였음 한 3~4일 지난뒤부터는 일이 손에 안잡히고 정말 10분에 한번씩 핸드폰만 쳐다봤 음 진동만 오면 합격문자인줄알고 근데 1주일이 지나서까지 연락이 안옴 그래서 떨 어진줄알았음 왜떨어졌을까? 정말 많은 고민을 했던것같음 뜬금없이 합격했다고 연락옴 정말 기뻤던갓같음 다시 면접이후에 3~4일 뒤에 2차 임원 면접이 잡힘 그리고 2차면접을 봤는데 대부분 질문이 잡플래닛 후기에 있는 질문들이였음 잡플래닛 후기에 있는 질문들의 답변리스트를 다 만들고 달달 외워서 면접에 들어 갔음 액 3000억원 이상 모트렉스(주) 포지션 30개 채용 중 2 엘티삼보(주) 1 기업 랭킹 채용 뉴스 연봉 이직 뽐뿌 오는 날 5분 완성, 1년 간 기업정보가 무료!    제휴 대학 서비스",리스트
"토론 : 인공지능, 쓰레기 배출 등록제 등 최신 사회 이슈 임원면접 : 자기 소개, 경력, DB, 해외 경험, 특출난 점에 대한 소개",인공지능
암호라이브러리 써봤는지? IDS개발하고 싶다고 하셨는데 구체적으로 어떤것? 졸업 논문 자세히 설명 부탁해요.,라이브러리
경험에대한질문 블록체인. 빅데이터에 대해설명하시오 스트레스 어떻게 푸는지에 대한 질문,빅데이터
기본적인 CS 지식부터 자소서에 작성한 프로젝트 관련 CS질문이 들어왔다. 다만 아쉬운 점은 범위가 광범위한 질문이 들어와서 일일히 설명하면서 얘기하니 커트하고 가장 중요한 부분은 ~다 라고하고 다 음 질문으로 넘어감. 그러면 애초에 질문을 가장 중요한 부분이 무엇인가요? 라고 하면 되지 않을까?,범위
"Reflow, Repaint의 차이점은 뭔가요?",int
특정 상황에 대한 함수를 임의로 코딩하라. 고등학교 수준의 수학 문제 이 코드를 오른쪽처럼 리팩토링 했을때 예상되는 기대효과는? 특정 용어에 대한 설명을 해라 특정 이벤트에 대한 개략적인 리뷰를 해라 소팅이나 알고리즘 관련 문제,함수
"게임 산업의 방향성, 블록 체인 기술이 게임에 미치는 영향, 지원 동기",블록
지원하게된 동기? 게임하는지? 현재연봉과 평균인상율이 얼마읹?,평균
"일 대 다 면접이 이뤄지고, 제출한 자기 소개서와 서류들을 기반으로 질문한다. 기술 면접, 임원 면접 모 두 소개서 기반으로 하되 담당자들에 따라 심화 질문과 추가 질문을 한다. 기술 면접시에는 경력 기술서를 기반으로 자신이 한 직무에 대해 많이 질문을 하며, 관련되어 기술 관련 심화 질문을 받는다. 특정 질문에 대해서 어디까지 답변이 가능한지 테스트 목적의 질문도 있다. 임원 면접시에는 인재 DB 에 등록한 자료를 토대로 질문한다. 1 분 자기 소개와 학력, 경력, 입사 목적 등을 질문한다. 이 중 직무와 적합성이 낮아보이는 항목에 대해 서는 이해되는 혹은 만족스러운 답변이 나올 때까지 묻는 듯 하다.",적합
싱글리링크드 리스트내에서 어떻게 루프를 디텍션할수있을까. 공간은 O(1)만 활용,리스트
"이너조인을 설명하세요. 또는 신경망을 설명하세요 였습니다. 인공지능관련 논문읽은것을 하나 설명하 시오. 발표시기 7일 후 ""기술면접을 보았으며, 정보처리사수준의 다양한 분야에대해 압박면접이 이루어집 니다. 또한, 지원한 분야의 전공지식도 물어봅니다. 면접보러가기전에 몇일정도 다 시 공부하고 가는걸 추천합니다."" 불합격 부정적 도움이 돼요 2",인공지능
"이전 직장에서 했던 프로젝트, 사용했던 오픈소스, 사용했던 테크닉 휴직기간동안 뭘했는지 개인 능력개발을 위해서 뭘하는지 지원하는 이유",오픈소스
"QA가 어떤일을 하는것인지 아시면 설명 부탁드립니다. / 가장 많이 한 게임이 무엇이고 설명 부탁드립 니다. (성공 요인, 실패 요인 등등)",요인
"1차 면접은 실무면접으로 그나마 평이하다. 실무면접이라고 인성에 대해 어떻게 어필할지 준비안하면 낭패볼 것이다. 더 어려운 것은 2차 면접인데 임원진의 질문이 더욱더 실무면접스러울 것이다. ""서류->필기->1차->2차->채용 신입 공채로 약 1달 반이라는 시간이 걸린다. 직군은 프로그래머였으며 상세분야는 생략한다. 필기시험에 대해 팁을 주자면 정보처리기사를 기준으로 보면 될 것이다. 그러나 처 리기사가 약간은 광범위한 만큼 그 부분에서 자신의 분야에 필요한 분야만 조금 나 온다고 생각하면 된다. 그리고 약간의 코딩 시험도 필기시험에서 볼 것이다. 지식의 깊이보다는 지식이 얼마나 넓게 퍼져있는가를 중점적으로 보는 시험이다. 또한 회사의 성격상 진취적인 사람을 뽑는 편이다. 자신이 가만히 있어도 무언가를 창조적으로 해내는 사람을 중요시 여긴다. 과거에 그런 경력을 나타낸 사람을 서류 전형에서 뽑는다. 이런 것이 면접에서 나타날 것이며 것이다. 1차 면접은 인성 20분, 실무 20분, 기타 10분해서 약 50분 이상을 본다. 보통 3명의 실무진이 들어온다고 보면 된다. 면접자가 그룹일지 한명일지는 면접관의 일정에 따라 달라진다. 면접관이 항상 같지는 않으므로 이것도 역시 운이다. 인성은 성격의 장단점 등 이런 부분을 계속 파고들 것이니 잘 준비하길 바라며 실무 질문은 자신이 어떤 프로젝트를 했던간에 그 프로젝트를 제대로 참여했고 그 부분 에 대해 정확히 아는 것이 가장 중요하다. 즉 거짓말을 하다간 어차피 뽀록날 것이 다. 2차면접은 진짜 실무면접이라 생각하면 된다. 자신이 학교다닐 때 어떤 사람이었는 지 다시한번 생각해가고 학창시절에 배웠던 과목들에서 무엇을 했는지 다시한번 기 억하고 가면 많은 도움이 될 것이다."" BEST (주)액션파워 Back-end Engineer (경력 5년 이상) 4 ~ 15년, node.js, Docker, Kubernetes, firebase 합격보상 200만원  111퍼센트(주) [111퍼센트] 1인 개발자 모집 경력무관, Unity, 유니티 합격보상 100만원  (주)쏘카 Backen 3 ~ 8년, J 합 액 3000억원 이상 (주)교원 포지션 0개 채용 중 2 (주)오픈노트 - 기업 랭킹 채용 뉴스 연봉 이직 뽐뿌 오는 날 5분 완성, 1년 간 기업정보가 무료!    제휴 대학 서비스",범위
API 테스트에 대하여 한 분이 심도 있게 질문을 계속 주셨습니다.,API
"RESTful 이 뭔지, 외부 API call 실패 시 처리, Heap dump 분석 경험","REST, API"
system.out.println의 원리를 설명하세요 scale out 시에 서버를 어떻게 설정할것인지 설명하세요 JAVA 8 이후와 이전의 stream과 이벤트코드에 대한 바이트코드 변화에 대해 설명하세요,"print, int"
"1. 추상화, 인터페이스 차이 2. vector, arraylist 차이 3. 이직사유?",array
"API테스트 경험, 안드로이드/ios/웹 특징, 예정에 없던 버그 리포팅 테스트",API
- restful API에 대해서 설명하세요 - java GC에 대해서 아는만큼 말하세요 - 본인이 직장에서 작성한 프로세스를 알려주세요,API
함수를 지연 실행하는 방법에 대해 말해주세요. 패턴에 대해 아는거 있으면 말해달라.,함수
1. 해왔던 업무에 대한 설명 2. 파이썬과 자바는 어느정도 수준으로 가능한지 3. DB와 SQL은 어느정도 수준으로 다루는지,파이썬
꽤 오래봤기때문에 상식적인 범위 내에서 전부 다 물어보신다고 보시면 됩니다,범위
API Gateway와 REST API 차이 MSA에 대해서 설명해라 졸업작품에서 개발한 게임에 대해서 설명해라,API
"특별히 어려운 질문은 없었으나, 면접 형태를 볼 때 토론 면접이 가장 어려웠습니다. 요즘에야 많이 활 성화된 면접 형태이지만, 당시엔 연습도 거의 하지 못했고, 다들 훌륭한 지원자들 사이에서 맥을 잘 잡 아 이야기 하는 것이 쉽지만은 않았습니다. 채용방식 인/적성검사, PT면접, 그룹면접, 영어면접, 토론면접, 개인면접 2:2 등) 형태입니다. 프로젝트 대한 개인 PT를 시작으로, 자소서에 작성한 내용을 바탕으로 여러가지 질 문을 받습니다. 면접관님 업무분야, 관심사에 따라 질문 범위는 다양하며, 해당 전문 분야에 대해 지 원자가 모두 알수는 없으므로, 솔직하면서도 아는 사항은 최대한 논리적으로 서술하는 것이 좋습니다. 특정 이슈 에 대해서는 깊게 질문이 들어오기도 합니다. 2) 영어면접: 기본적인 이해와 의사표현이 가능하면 무방할 것 같습니다. 3) 그룹 토론: 조별로 제기된 이슈에 대해 조원간에 토론하는 모습을 면접관이 지속 적으로 관찰하며 기록합니다. 먼저 특정 역할(정리자)을 맡는 것도 좋겠으며, 할 말을 하되 이야기의 맥을 잘 잡아 서 불필요한 말을 하지 않도록 하는 것이 바람직할 것 같습니다. 이 때의 관찰 기록 은 인성 면접에서 다시 언급되기도 합니다. 4) 인성면접: 팀장님들이 면접관으로 들어오십니다. 특별히 기술적인 내용의 질문 은 없으며, 자소서의 내용을 바탕으로 합니다. 최대한 솔직하게 답하시는 것이 좋습 니다. 면접 팁: 준비한 만큼 자신감이 생깁니다. 그룹 스터디나 모의 면접을 통해 사전 준 비를 하시면 도움이 되겠으며, 꼭 들어가고 싶은 회사가 있다면 비슷한 업계의 여러 회사에 지원하시고 실제 면접 을 몇 차례 보는 것이 여러모로 도움이 됩니다. 면접이란 딱딱한 형식이 부담이 될 수도 있겠으나, 기본적으로 사람대 사람의 대화 라는 생각을 갖고, 최대한의 준비를 바탕으로 편한 마음으로 임한다면 좋은 결과가 있을 것이라 생각합니다. 면접장에 들어가기 전에 내가 회사를 원하는 만큼 회사가 나를 필요로 하는 이유가 무엇인가? 나는 무엇을 준비하였는가? 등 다시 한번 정리 해 보셔도 좋겠네요. (최종 발언 기회시 활용)"" 합격 긍정적 도움이 돼요 2",범위
-외우지 않은 자기소개서 -XSS란? -데이터 3법,데이터 3법
"데이터 3법, 외우지않은 자기소개 기반시설 기술 몇가지",데이터 3법
기존에 하던 프로젝트와 취약점 진단범위 등 채용방식 개인면접 발표시기 30일 후 합격 보통 도움이 돼요 0,범위
"[신입 개발자 1차 실무진 면접] 0. 자기소개 1. 프로그래밍 공부 초기 때 어려웠던 C언어 문제 2. 전과한 이유 3. C언어의 사용기간이 가장 긴데, 코딩테스트를 파이썬으로 본 이유 4. 가장 최근에 C언어로 만들어본 것 5. 웹 프로그래밍을 해본 적이 있는지 6. 네트워크 프로그래밍(소켓통신)을 해본 적이 있는지 7. 리눅스를 써서 개발해본 적 있는지 8. 모바일 앱(안드로이드나 iOS)을 만들어본 적이 있는지 9. 파이썬으로 인공지능이나 머신러닝 같은 걸 쓰거나 만들어본 작품이 있는지 10. C, Python으로 만들어본 대표 작품 하나씩 얘기해주세요 11. 교내대회 수상이력이 있는데, 어떤 대회인지 설명(대회 이름이 좀 길어서 질문하신 것 같다) 12. 프로젝트들을 진행하면서 가장 어려웠던 부분과, 어떻게 해결했는지 13. SW개발 위주로 공부한 만큼, 보안/네트워크 쪽 지식이 부족할 것 같은데 그로 인해 업무에 어려움 이 생긴다면 어떻게 할것인지 13-1. (기초지식 검증?? 질문이라고 생각됩니당) 네트워크나 보안 관련해서 알고 있는 지식 아무거나 말씀해주세요 14. 입사하게 된다면 어떤 일을 하고싶은지 15. 윈스 제품에 대한 자세한 스펙?특징?들을 알고있는지? 16. 향후 5년, 10년 뒤에 개발자로써 어떤 개발을 하고 싶은지(회사에서의 모습이 아니라 내가 개인적 으로 어떤 분야의 개발을 꿈꾸고 있는지 여쭤보신 것) 17. 그 외 포트폴리오(대학교에서 한 프로젝트들) 작품에 대한 질문들","파이썬, 인공지능, 머신러닝"
"석사 졸업논문 질문 , 건강에 관련된 질문 인턴 경험이 있어 실무에 대한 질문은 하지 않음 평균적인 입사자보다 나이가 많아 연하의 상급자를 어떻게 대할 것인지 질문",평균
iaas paas saas에 대해서 말해봐라 클라우딩컴퓨터는 아나 머신러닝은 아나 각종 네트워크 최신보안이슈 자소서기반 꼬리물기식 질문이 대단함 정확히모르면 모를거임. 압박이심함 세세하게 다묻고 왜썼냐고 묻는다 열심히하는 모습좀 보여달라했는데 그렇게 탈탈털면 열심히 하고싶어도 못할것 같음.. ojt가 없어서 많 이 알고 있으면 좋겠다 이러는데 그러면 경력뽑아야지않나..? 특히 같이들어간 한분은 탈탈 털리더라 1분자기소개랑 지원동기를 안묻고 바로 전공질문시작했었음,머신러닝
Java8의 가장 큰 변경점 Rest API 메소드별 차이점 업무시스템의 용도,API
"unordered_map 사용, 간단한 알고리즘 풀이, 언리얼 엔진 지식",map
"사용중인 프레임워크와 비슷한 역할의 다른 프레임워크와의 차이점, 나은점. REST API란?",API
"참여했던 프로젝트 이력 위주 질문 그 외 OAuth 구현 경험이나 Rest API, Spring 관련 질문이 대부분",API
"간단히 자기소개 코딩테스트 난이도 어땠는지 자신있는 언어는 무엇인지 좋아하는 과목, 싫어하는 과목 이유 최근 오픈소스 본 거 뭐 있는지 자소서, 포트폴리오, 이력 기반 질문 (예: 다른 곳에서 인턴한 경험이 있는데 어떤 일을 한건지, 어떤 점이 어려웠는지)",오픈소스
"개인 포트폴리오 및 이력 기준 면접. 1.사용해본 오픈소스에 대하여 질문 2.동기, 비동기 차이. 비동기의 단점. 3. 왜 인공지능이 하고 싶은지. 4.알고리즘 손코딩 아무거나 해보라고 함. 5.NCTEST 이후 인성결과에 대하여 간단히 물어봄.","오픈소스, 인공지능"
1. 링크드리스트 손코딩 2. 파일 시스템을 만든다고 할때 무엇을 제일 먼저 할건지 3. 쓰레드에 대해서 얼마나 알고 있는지,리스트
"it와 관련된 빅데이터 등 현재 이슈에 대한 질문과 상사가 과한 업무를 시켰을때 어떻게 대처할 것인지에 대한 질문, 본인이 앞으로 발전하고자 하는 방향에 대한 질문입니다.",빅데이터
"C++ stl, 포인터 위주. - 댕글링 포인터 처리 방법 - vector를 써야 할 경우, array를 써야 할 경우 네트워크 전반적인 지식. - url 입력 시 과정 서술 채용방식 필기시험, 개인면접 발표시기 15일 후 ""1차는 기술 90 + 인성, 프로젝트 10 2차는 임원진 면접. 면접비 줌."" 대기중 보통 도움이 돼요 1",array
"- 왜 이직하는지? - 오픈소스 관련 질문(사용경험?) - 통신, 쓰레드, UI관련 간단 질문등",오픈소스
"기초적인 프로그래밍 지식과 경험들을 위주로 물음. 예를들면 virtual 함수 설명, DB 사용한 프로젝트 경험이 있는가, 어려웠던 경험이 있는가 있으면 어떻 게 해결했는가.",함수
int를 char로 변환할 때 어떤 방식으로 변환되는지? 이때 어떤 경우에 크래시가 발생하는가?,int
"일반적으로 다대다 면접을 봅니다. 기술면접이었지만 의외로 인성이나 팀에적응할 수 있을지에대한 질 문을 합니다. 본인의 개발성향, 개발자로서의 가치관과 장점 그리고 간단한 코딩테스트를 봅니다. 포트 폴리오에 대한 질문과 메모리 구조 함수호출시 일어나는 메모리 변화등에 대한 질문들을 받았습니다.",함수
"게임개발 Project Manager 직군으로 지원. ux팀 면접이었으며 면접 분위기는 침착하고 다소 평이한 질문으로 진행. 자기소개서 항목에 대한 질문과, 프로젝트 매니징과 관련된 업무상황 질문, 관련 경험 질문, 각자가 생각하는 프로젝트 매니징이란 무엇인지 등에 대한 질문이 있었음. 역량에 대한 날카로운 질문보다는 업무를 이해하고 조직에서 융화되어 성실하게 일 할 수 있을지 fit interview의 느낌이 컸음",int
"1. 학위 논문 내용 2. 프로젝트 참여 내용, 어느 정도까지 소프트웨어를 개발해 봤는지, 사용한 툴과 라이브러리 3. 성격, 취미 등의 간단한 인성 질문 채용방식 필기시험, 개인면접 발표시기 7일 후 ""전문연구요원으로 인공지능 개발에 지원하여 인성검사 통과 후 2주 이내에 1차면 접을 봤습니다. 3 대 1 면접으로 실무자분들이 면접관이셨습니다. 1시간은 전공 필 기 시험을 보고 1시간은 면접을 보았습니다. 편한 분위기로 연구, 개발, 프로젝트 참 여 내용에 대해서 깊이 있게 질문하셨습니다."" 불합격 보통 도움이 돼요 1","라이브러리, 인공지능"
숫자 배열 주고 정렬하는 코드를 짜보세요. - 종이 펜 줌 기타 DB 관련 알고리즘 관련 정보처리 관련 기분 적인 질문 몇가지 받은 듯,배열
"실무진과의 면접은, 주로 내가 과거에 했던 일들을 위주로 물어보아서 편하게 면접 볼수 있었음 임원진과의 면접은 예를 들면 c런타임 라이브러리 중 하나에 대해서 칠판에 구현을 해보라는 것. 또는 정렬 알고리즘에 대한것을 다른식으로 질문을 하기도함",라이브러리
"순수가상함수를 왜 사용하나? 메모리 풀링이 뭔가? 채용방식 스킬테스트, 그룹면접, 개인면접 발표시기 20일 후 ""프로젝트 혼 개발팀 개발자와 1:1 면접 시 자기소개를 하고 이력서에 적었던 게임",함수
"손코딩문제 쉬운거였는데.. 기본 재귀함수 당황하니 머릿속이 하얘지더군요. 채용방식 스킬테스트, 개인면접 발표시기 21일 후 ""개발자이고 경력으로 이직했어요. 서류 붙고, 1차면접 (손코딩, 기술면접), 2차면접을 보았는데 손코딩에 어버버댔더니 힌트주셨습니다. 면접관님들 분위기 좋았구요 면접은 오래봤어요 사실상 1차에서 기술면접부터 인성면접 손코딩 다본느낌이랄까? 2차는 임원분만 짧게 보고 끝"" 합격 긍정적 액 3000억원 이상 (주)제니엘 포지션 38개 채용 중 2 코이즈(주) 8 기업 랭킹 채용 뉴스 연봉 이직 뽐뿌 오는 날 5분 완성, 1년 간 기업정보가 무료!    제휴 대학 서비스  회사소개 이용약관 개인정보처리방침 커뮤니티가이드라인 모바일 버전 공지사항 광고 및 제휴문의 고객 문의 FAQ | | | | | | | | (주)브레인커머스 서울특별시 강남구 테헤란로 509 엔씨타워 I, 10층 | 대표   황희승, 윤신근 | 개인정보보호관리자   윤신근 사업자등록번호   120-87-92182 | 통신판매업 신고번호   제2014-서울강남-02942호 | 유료 직업소개사업 등록번호   (국내) 제2017-3220163-14-5-00046호 대표번호   1644-5641 (10:00~17:00 / 매월 마지막 금요일 09:00~13:00 / 주말 및 공휴일 휴무) | 대표이메일 : customer_service@jobplanet.co.kr ©Jobplanet. All rights reserved. 94 95 96 97 98 신고하기 도움이 돼요 0",함수
"지원한 분야에 관해 코어까지 질문. 일반적인 라이브러리를 가져다 사용하는 수준이 아니라 내부를 뜯어본적 있는지..등 ""홈페이지를 통해 지원했고, 피드백이 오는데 약 3주정도 걸린듯.. 일대 다 면접 진행 / 편안한 분위기에서 봄 압박면접은 아니고.. 경력 면접인지라 인성보단 거의 90% 이상이 기술면접 형식."" 불합격 정보없음 도움이 돼요 0",라이브러리
"업무에 사용한 오픈 라이브러리가 어떤거 엿으며, 사용하면서 부딪혔던 문제들은 무엇이었나? 채용방식 인/적성검사, 스킬테스트, 개인면접 발표시기 8일 후 ""서류심사-1차면접-2차면접-임원면접-인적성검사(선릉에서 sk계열사 전체 시험)"" 합격 보통 도움이 돼요 0",라이브러리
"경력 위주의 질문, 개발 언어의 API 또는 장점에 대하여 설명",API
"1차 면접중에 면접실 화이트보드에 손코딩을 갑작스럽게 시키셔서;; 그것빼고는 어려울것이 없었습니다 채용방식 인/적성검사, 개인면접 ""수시모집을 통해 지원했으며 편안한 분위기에서 면접을 보았습니다 면접은 1차 직무 2차 임원 이였고 1차 면접 전에 sk인성검사를 하였습니다~ 경력직 지원이므로 적성은 없었고 인성검사만 실시했습니다(나는 가끔 귀신이 보인 다? 난 짜증이 난다? 이런류의 문제리스트) 1차 면접은 팀장, 파트장 이렇게 두분이 면접관으로 계셨고 지원자는 저 혼자 보았 습니다 질문은 평이했으며 그동한 했던 프로젝트 설명 정도 였습니다. 2차 면접은 본부장과 1대1면접으로 질문은 상당히 어려웠고 대답하지 못했으나 합 격했습니다~!"" 합격 보통 도움이 돼요 0",리스트
"했던일들과 서비스의 장단점,나의 역량범위등을 묻고 책에대한 관심도를 묻는다 채용방식 개인면접 발표시기 60일 후 ""서류-1차실무면접-2차경영진면접-3차대표면접"" 대기중 긍정적 도움이 돼요 0",범위
